 ======================>     TALLY 1: AXIAL_FLUX     <======================

 Mesh Index (1, 1, 1)
   Total Material
     Flux                                 21.5492 +/- 0.0603033
     Fission Rate                         0.0259107 +/- 9.12337e-05
 Mesh Index (1, 1, 2)
   Total Material
     Flux                                 22.622 +/- 0.0581091
     Fission Rate                         0.0228404 +/- 7.82085e-05
 Mesh Index (1, 1, 3)
   Total Material
     Flux                                 23.2892 +/- 0.0503001
     Fission Rate                         0.0218963 +/- 6.47486e-05
 Mesh Index (1, 1, 4)
   Total Material
     Flux                                 23.6881 +/- 0.0484788
     Fission Rate                         0.0213675 +/- 6.36759e-05
 Mesh Index (1, 1, 5)
   Total Material
     Flux                                 24.1261 +/- 0.0471753
     Fission Rate                         0.0211336 +/- 5.97391e-05
 Mesh Index (1, 1, 6)
   Total Material
     Flux                                 24.4555 +/- 0.0485477
     Fission Rate                         0.0214185 +/- 6.19313e-05
 Mesh Index (1, 1, 7)
   Total Material
     Flux                                 24.6192 +/- 0.048461
     Fission Rate                         0.0212943 +/- 6.6643e-05
 Mesh Index (1, 1, 8)
   Total Material
     Flux                                 24.6979 +/- 0.0483991
     Fission Rate                         0.0212979 +/- 6.31295e-05
 Mesh Index (1, 1, 9)
   Total Material
     Flux                                 24.6806 +/- 0.0466379
     Fission Rate                         0.0214426 +/- 6.17932e-05
 Mesh Index (1, 1, 10)
   Total Material
     Flux                                 24.5177 +/- 0.0453162
     Fission Rate                         0.0211369 +/- 6.38588e-05
 Mesh Index (1, 1, 11)
   Total Material
     Flux                                 24.314 +/- 0.0435387
     Fission Rate                         0.0210863 +/- 6.5661e-05
 Mesh Index (1, 1, 12)
   Total Material
     Flux                                 23.9393 +/- 0.0483364
     Fission Rate                         0.0206758 +/- 7.1257e-05
 Mesh Index (1, 1, 13)
   Total Material
     Flux                                 23.4781 +/- 0.0476189
     Fission Rate                         0.0201831 +/- 6.28213e-05
 Mesh Index (1, 1, 14)
   Total Material
     Flux                                 22.8699 +/- 0.0434538
     Fission Rate                         0.0197602 +/- 6.15922e-05
 Mesh Index (1, 1, 15)
   Total Material
     Flux                                 22.1741 +/- 0.0454925
     Fission Rate                         0.0192527 +/- 6.17456e-05
 Mesh Index (1, 1, 16)
   Total Material
     Flux                                 21.3681 +/- 0.0469251
     Fission Rate                         0.0186668 +/- 6.1876e-05
 Mesh Index (1, 1, 17)
   Total Material
     Flux                                 20.5389 +/- 0.0476687
     Fission Rate                         0.0183898 +/- 6.18222e-05
 Mesh Index (1, 1, 18)
   Total Material
     Flux                                 19.609 +/- 0.0482011
     Fission Rate                         0.0183048 +/- 6.81805e-05
 Mesh Index (1, 1, 19)
   Total Material
     Flux                                 18.6029 +/- 0.0479305
     Fission Rate                         0.0189429 +/- 6.72301e-05
 Mesh Index (1, 1, 20)
   Total Material
     Flux                                 17.5247 +/- 0.0502703
     Fission Rate                         0.020938 +/- 7.56718e-05
 =====================>     TALLY 2: RADIAL_FLUX     <======================

 Mesh Index (1, 1, 1)
   Total Material
     Flux                                 2.49004 +/- 0.00871868
     Fission Rate                         0.00239747 +/- 1.56925e-05
 Mesh Index (2, 1, 1)
   Total Material
     Flux                                 7.43999 +/- 0.0190347
     Fission Rate                         0.00705053 +/- 3.23865e-05
 Mesh Index (3, 1, 1)
   Total Material
     Flux                                 12.2758 +/- 0.0270933
     Fission Rate                         0.0117765 +/- 4.07623e-05
 Mesh Index (4, 1, 1)
   Total Material
     Flux                                 16.8909 +/- 0.03223
     Fission Rate                         0.0161725 +/- 5.25845e-05
 Mesh Index (5, 1, 1)
   Total Material
     Flux                                 21.2496 +/- 0.0335308
     Fission Rate                         0.0202196 +/- 5.46734e-05
 Mesh Index (6, 1, 1)
   Total Material
     Flux                                 25.2829 +/- 0.0350168
     Fission Rate                         0.0242092 +/- 5.84661e-05
 Mesh Index (7, 1, 1)
   Total Material
     Flux                                 28.8815 +/- 0.0355861
     Fission Rate                         0.0279029 +/- 5.88346e-05
 Mesh Index (8, 1, 1)
   Total Material
     Flux                                 31.9545 +/- 0.03732
     Fission Rate                         0.0310155 +/- 6.96283e-05
 Mesh Index (9, 1, 1)
   Total Material
     Flux                                 34.4697 +/- 0.0372656
     Fission Rate                         0.0334077 +/- 7.12844e-05
 Mesh Index (10, 1, 1)
   Total Material
     Flux                                 36.4127 +/- 0.0394969
     Fission Rate                         0.0357119 +/- 7.75907e-05
 Mesh Index (11, 1, 1)
   Total Material
     Flux                                 37.7433 +/- 0.0383825
     Fission Rate                         0.0378362 +/- 7.69748e-05
 Mesh Index (12, 1, 1)
   Total Material
     Flux                                 38.4042 +/- 0.0381029
     Fission Rate                         0.0401856 +/- 7.4076e-05
 Mesh Index (13, 1, 1)
   Total Material
     Flux                                 38.391 +/- 0.0384981
     Fission Rate                         0.0423823 +/- 7.42245e-05
 Mesh Index (14, 1, 1)
   Total Material
     Flux                                 37.7738 +/- 0.0398037
     Fission Rate                         0.0434106 +/- 7.64618e-05
 Mesh Index (15, 1, 1)
   Total Material
     Flux                                 36.5191 +/- 0.0395018
     Fission Rate                         0.0422606 +/- 7.6522e-05
 ===================>     TALLY 3: ENERGY_SPECTRUM     <====================

 Incoming Energy [0, 0.625)
   Total Material
     Flux                                 454.893 +/- 0.676599
 Incoming Energy [0.625, 5530)
   Total Material
     Flux                                 178.896 +/- 0.0579837
 Incoming Energy [5530, 100000)
   Total Material
     Flux                                 66.7271 +/- 0.0206586
 Incoming Energy [100000, 1000000)
   Total Material
     Flux                                 65.5356 +/- 0.0259812
 Incoming Energy [1000000, 8000000)
   Total Material
     Flux                                 37.0237 +/- 0.0316095
 Incoming Energy [8000000, 20000000)
   Total Material
     Flux                                 0.14075 +/- 0.00200399
 =====================>     TALLY 4: RZ_FLUX_MAP     <======================

 Mesh Index (1, 1, 1)
   Incoming Energy [0, 0.625)
     Total Material
       Flux                                 0.0303152 +/- 0.000590315
   Incoming Energy [0.625, 20000000)
     Total Material
       Flux                                 0.040457 +/- 0.000667539
 Mesh Index (2, 1, 1)
   Incoming Energy [0, 0.625)
     Total Material
       Flux                                 0.0933078 +/- 0.00115929
   Incoming Energy [0.625, 20000000)
     Total Material
       Flux                                 0.12187 +/- 0.00141861
 Mesh Index (3, 1, 1)
   Incoming Energy [0, 0.625)
     Total Material
       Flux                                 0.154602 +/- 0.00158357
   Incoming Energy [0.625, 20000000)
     Total Material
       Flux                                 0.199139 +/- 0.00175788
 Mesh Index (4, 1, 1)
   Incoming Energy [0, 0.625)
     Total Material
       Flux                                 0.212793 +/- 0.00181717
   Incoming Energy [0.625, 20000000)
     Total Material
       Flux                                 0.274219 +/- 0.00220752
 Mesh Index (5, 1, 1)
   Incoming Energy [0, 0.625)
     Total Material
       Flux                                 0.266185 +/- 0.00200333
   Incoming Energy [0.625, 20000000)
     Total Material
       Flux                                 0.339179 +/- 0.00215553
 Mesh Index (6, 1, 1)
   Incoming Energy [0, 0.625)
     Total Material
       Flux                                 0.314205 +/- 0.00227286
   Incoming Energy [0.625, 20000000)
     Total Material
       Flux                                 0.399052 +/- 0.00239665
 Mesh Index (7, 1, 1)
   Incoming Energy [0, 0.625)
     Total Material
       Flux                                 0.35698 +/- 0.00242483
   Incoming Energy [0.625, 20000000)
     Total Material
       Flux                                 0.451148 +/- 0.002706
 Mesh Index (8, 1, 1)
   Incoming Energy [0, 0.625)
     Total Material
       Flux                                 0.392493 +/- 0.00247347
   Incoming Energy [0.625, 20000000)
     Total Material
       Flux                                 0.491216 +/- 0.00257642
 Mesh Index (9, 1, 1)
   Incoming Energy [0, 0.625)
     Total Material
       Flux                                 0.423438 +/- 0.00255225
   Incoming Energy [0.625, 20000000)
     Total Material
       Flux                                 0.520729 +/- 0.00262302
 Mesh Index (10, 1, 1)
   Incoming Energy [0, 0.625)
     Total Material
       Flux                                 0.451183 +/- 0.00248673
   Incoming Energy [0.625, 20000000)
     Total Material
       Flux                                 0.536326 +/- 0.00273743
 Mesh Index (11, 1, 1)
   Incoming Energy [0, 0.625)
     Total Material
       Flux                                 0.476463 +/- 0.0027371
   Incoming Energy [0.625, 20000000)
     Total Material
       Flux                                 0.535129 +/- 0.00281113
 Mesh Index (12, 1, 1)
   Incoming Energy [0, 0.625)
     Total Material
       Flux                                 0.49886 +/- 0.00275664
   Incoming Energy [0.625, 20000000)
     Total Material
       Flux                                 0.511747 +/- 0.00265082
 Mesh Index (13, 1, 1)
   Incoming Energy [0, 0.625)
     Total Material
       Flux                                 0.534743 +/- 0.00282225
   Incoming Energy [0.625, 20000000)
     Total Material
       Flux                                 0.464547 +/- 0.00253014
 Mesh Index (14, 1, 1)
   Incoming Energy [0, 0.625)
     Total Material
       Flux                                 0.577227 +/- 0.00306985
   Incoming Energy [0.625, 20000000)
     Total Material
       Flux                                 0.364744 +/- 0.00243643
 Mesh Index (15, 1, 1)
   Incoming Energy [0, 0.625)
     Total Material
       Flux                                 0.584301 +/- 0.00321515
   Incoming Energy [0.625, 20000000)
     Total Material
       Flux                                 0.229879 +/- 0.00195542
 Mesh Index (16, 1, 1)
   Incoming Energy [0, 0.625)
     Total Material
       Flux                                 0.561993 +/- 0.00320472
   Incoming Energy [0.625, 20000000)
     Total Material
       Flux                                 0.147862 +/- 0.00146423
 Mesh Index (17, 1, 1)
   Incoming Energy [0, 0.625)
     Total Material
       Flux                                 0.538517 +/- 0.00359881
   Incoming Energy [0.625, 20000000)
     Total Material
       Flux                                 0.0967759 +/- 0.00117729
 Mesh Index (18, 1, 1)
   Incoming Energy [0, 0.625)
     Total Material
       Flux                                 0.496746 +/- 0.00354883
   Incoming Energy [0.625, 20000000)
     Total Material
       Flux                                 0.0563826 +/- 0.000823575
 Mesh Index (19, 1, 1)
   Incoming Energy [0, 0.625)
     Total Material
       Flux                                 0.43828 +/- 0.00334659
   Incoming Energy [0.625, 20000000)
     Total Material
       Flux                                 0.0308287 +/- 0.000695055
 Mesh Index (20, 1, 1)
   Incoming Energy [0, 0.625)
     Total Material
       Flux                                 0.377526 +/- 0.00303834
   Incoming Energy [0.625, 20000000)
     Total Material
       Flux                                 0.0167902 +/- 0.000543147
 Mesh Index (21, 1, 1)
   Incoming Energy [0, 0.625)
     Total Material
       Flux                                 0.309982 +/- 0.00305801
   Incoming Energy [0.625, 20000000)
     Total Material
       Flux                                 0.0089411 +/- 0.000377143
 Mesh Index (22, 1, 1)
   Incoming Energy [0, 0.625)
     Total Material
       Flux                                 0.243627 +/- 0.00242962
   Incoming Energy [0.625, 20000000)
     Total Material
       Flux                                 0.0045598 +/- 0.000277338
 Mesh Index (23, 1, 1)
   Incoming Energy [0, 0.625)
     Total Material
       Flux                                 0.181786 +/- 0.00214977
   Incoming Energy [0.625, 20000000)
     Total Material
       Flux                                 0.00263486 +/- 0.000207796
 Mesh Index (24, 1, 1)
   Incoming Energy [0, 0.625)
     Total Material
       Flux                                 0.114896 +/- 0.00167265
   Incoming Energy [0.625, 20000000)
     Total Material
       Flux                                 0.00135296 +/- 0.000131553
 Mesh Index (25, 1, 1)
   Incoming Energy [0, 0.625)
     Total Material
       Flux                                 0.050647 +/- 0.00080386
   Incoming Energy [0.625, 20000000)
     Total Material
       Flux                                 0.000435953 +/- 6.69174e-05
 Mesh Index (1, 1, 2)
   Incoming Energy [0, 0.625)
     Total Material
       Flux                                 0.0281808 +/- 0.000536549
   Incoming Energy [0.625, 20000000)
     Total Material
       Flux                                 0.0454556 +/- 0.000696796
 Mesh Index (2, 1, 2)
   Incoming Energy [0, 0.625)
     Total Material
       Flux                                 0.0845163 +/- 0.00109099
   Incoming Energy [0.625, 20000000)
     Total Material
       Flux                                 0.136133 +/- 0.00148986
 Mesh Index (3, 1, 2)
   Incoming Energy [0, 0.625)
     Total Material
       Flux                                 0.140155 +/- 0.00142326
   Incoming Energy [0.625, 20000000)
     Total Material
       Flux                                 0.223827 +/- 0.00176065
 Mesh Index (4, 1, 2)
   Incoming Energy [0, 0.625)
     Total Material
       Flux                                 0.195006 +/- 0.00158904
   Incoming Energy [0.625, 20000000)
     Total Material
       Flux                                 0.304561 +/- 0.00228973
 Mesh Index (5, 1, 2)
   Incoming Energy [0, 0.625)
     Total Material
       Flux                                 0.244478 +/- 0.00173194
   Incoming Energy [0.625, 20000000)
     Total Material
       Flux                                 0.379022 +/- 0.00243281
 Mesh Index (6, 1, 2)
   Incoming Energy [0, 0.625)
     Total Material
       Flux                                 0.286202 +/- 0.00184633
   Incoming Energy [0.625, 20000000)
     Total Material
       Flux                                 0.44886 +/- 0.00272614
 Mesh Index (7, 1, 2)
   Incoming Energy [0, 0.625)
     Total Material
       Flux                                 0.327238 +/- 0.0023584
   Incoming Energy [0.625, 20000000)
     Total Material
       Flux                                 0.506238 +/- 0.00276591
 Mesh Index (8, 1, 2)
   Incoming Energy [0, 0.625)
     Total Material
       Flux                                 0.359251 +/- 0.00244137
   Incoming Energy [0.625, 20000000)
     Total Material
       Flux                                 0.553063 +/- 0.00282456
 Mesh Index (9, 1, 2)
   Incoming Energy [0, 0.625)
     Total Material
       Flux                                 0.387949 +/- 0.00227469
   Incoming Energy [0.625, 20000000)
     Total Material
       Flux                                 0.58517 +/- 0.00271322
 Mesh Index (10, 1, 2)
   Incoming Energy [0, 0.625)
     Total Material
       Flux                                 0.413524 +/- 0.00248397
   Incoming Energy [0.625, 20000000)
     Total Material
       Flux                                 0.600935 +/- 0.00274172
 Mesh Index (11, 1, 2)
   Incoming Energy [0, 0.625)
     Total Material
       Flux                                 0.438261 +/- 0.0024465
   Incoming Energy [0.625, 20000000)
     Total Material
       Flux                                 0.599154 +/- 0.00275095
 Mesh Index (12, 1, 2)
   Incoming Energy [0, 0.625)
     Total Material
       Flux                                 0.468322 +/- 0.00263164
   Incoming Energy [0.625, 20000000)
     Total Material
       Flux                                 0.575918 +/- 0.00275226
 Mesh Index (13, 1, 2)
   Incoming Energy [0, 0.625)
     Total Material
       Flux                                 0.502446 +/- 0.00265129
   Incoming Energy [0.625, 20000000)
     Total Material
       Flux                                 0.528151 +/- 0.00277254
 Mesh Index (14, 1, 2)
   Incoming Energy [0, 0.625)
     Total Material
       Flux                                 0.557979 +/- 0.00311412
   Incoming Energy [0.625, 20000000)
     Total Material
       Flux                                 0.420533 +/- 0.00252936
 Mesh Index (15, 1, 2)
   Incoming Energy [0, 0.625)
     Total Material
       Flux                                 0.575581 +/- 0.00330975
   Incoming Energy [0.625, 20000000)
     Total Material
       Flux                                 0.268221 +/- 0.00196943
 Mesh Index (16, 1, 2)
   Incoming Energy [0, 0.625)
     Total Material
       Flux                                 0.566284 +/- 0.00343064
   Incoming Energy [0.625, 20000000)
     Total Material
       Flux                                 0.172115 +/- 0.00159498
 Mesh Index (17, 1, 2)
   Incoming Energy [0, 0.625)
     Total Material
       Flux                                 0.538331 +/- 0.00382349
   Incoming Energy [0.625, 20000000)
     Total Material
       Flux                                 0.11339 +/- 0.00129126
 Mesh Index (18, 1, 2)
   Incoming Energy [0, 0.625)
     Total Material
       Flux                                 0.499824 +/- 0.00371737
   Incoming Energy [0.625, 20000000)
     Total Material
       Flux                                 0.0644683 +/- 0.000957466
 Mesh Index (19, 1, 2)
   Incoming Energy [0, 0.625)
     Total Material
       Flux                                 0.447434 +/- 0.00302951
   Incoming Energy [0.625, 20000000)
     Total Material
       Flux                                 0.0358681 +/- 0.000716547
 Mesh Index (20, 1, 2)
   Incoming Energy [0, 0.625)
     Total Material
       Flux                                 0.38211 +/- 0.00313649
   Incoming Energy [0.625, 20000000)
     Total Material
       Flux                                 0.0193115 +/- 0.000514517
 Mesh Index (21, 1, 2)
   Incoming Energy [0, 0.625)
     Total Material
       Flux                                 0.316177 +/- 0.00291088
   Incoming Energy [0.625, 20000000)
     Total Material
       Flux                                 0.00983075 +/- 0.000394997
 Mesh Index (22, 1, 2)
   Incoming Energy [0, 0.625)
     Total Material
       Flux                                 0.247637 +/- 0.00238964
   Incoming Energy [0.625, 20000000)
     Total Material
       Flux                                 0.00509302 +/- 0.000281717
 Mesh Index (23, 1, 2)
   Incoming Energy [0, 0.625)
     Total Material
       Flux                                 0.184536 +/- 0.00210577
   Incoming Energy [0.625, 20000000)
     Total Material
       Flux                                 0.00271213 +/- 0.000184179
 Mesh Index (24, 1, 2)
   Incoming Energy [0, 0.625)
     Total Material
       Flux                                 0.115165 +/- 0.00158578
   Incoming Energy [0.625, 20000000)
     Total Material
       Flux                                 0.00129406 +/- 0.000112611
 Mesh Index (25, 1, 2)
   Incoming Energy [0, 0.625)
     Total Material
       Flux                                 0.0513211 +/- 0.000767495
   Incoming Energy [0.625, 20000000)
     Total Material
       Flux                                 0.000386983 +/- 5.77448e-05
 Mesh Index (1, 1, 3)
   Incoming Energy [0, 0.625)
     Total Material
       Flux                                 0.0268284 +/- 0.00054103
   Incoming Energy [0.625, 20000000)
     Total Material
       Flux                                 0.0483461 +/- 0.000692388
 Mesh Index (2, 1, 3)
   Incoming Energy [0, 0.625)
     Total Material
       Flux                                 0.0790762 +/- 0.00103293
   Incoming Energy [0.625, 20000000)
     Total Material
       Flux                                 0.147311 +/- 0.00156174
 Mesh Index (3, 1, 3)
   Incoming Energy [0, 0.625)
     Total Material
       Flux                                 0.132569 +/- 0.00134424
   Incoming Energy [0.625, 20000000)
     Total Material
       Flux                                 0.242021 +/- 0.00179133
 Mesh Index (4, 1, 3)
   Incoming Energy [0, 0.625)
     Total Material
       Flux                                 0.179831 +/- 0.00158071
   Incoming Energy [0.625, 20000000)
     Total Material
       Flux                                 0.32749 +/- 0.00222488
 Mesh Index (5, 1, 3)
   Incoming Energy [0, 0.625)
     Total Material
       Flux                                 0.225681 +/- 0.00183346
   Incoming Energy [0.625, 20000000)
     Total Material
       Flux                                 0.409518 +/- 0.00237029
 Mesh Index (6, 1, 3)
   Incoming Energy [0, 0.625)
     Total Material
       Flux                                 0.269613 +/- 0.00206091
   Incoming Energy [0.625, 20000000)
     Total Material
       Flux                                 0.48528 +/- 0.00281204
 Mesh Index (7, 1, 3)
   Incoming Energy [0, 0.625)
     Total Material
       Flux                                 0.305995 +/- 0.00209176
   Incoming Energy [0.625, 20000000)
     Total Material
       Flux                                 0.546626 +/- 0.00287571
 Mesh Index (8, 1, 3)
   Incoming Energy [0, 0.625)
     Total Material
       Flux                                 0.338638 +/- 0.00225983
   Incoming Energy [0.625, 20000000)
     Total Material
       Flux                                 0.60032 +/- 0.00275257
 Mesh Index (9, 1, 3)
   Incoming Energy [0, 0.625)
     Total Material
       Flux                                 0.365874 +/- 0.00221137
   Incoming Energy [0.625, 20000000)
     Total Material
       Flux                                 0.634295 +/- 0.0029288
 Mesh Index (10, 1, 3)
   Incoming Energy [0, 0.625)
     Total Material
       Flux                                 0.390677 +/- 0.0021696
   Incoming Energy [0.625, 20000000)
     Total Material
       Flux                                 0.651116 +/- 0.00296579
 Mesh Index (11, 1, 3)
   Incoming Energy [0, 0.625)
     Total Material
       Flux                                 0.4129 +/- 0.00246083
   Incoming Energy [0.625, 20000000)
     Total Material
       Flux                                 0.645824 +/- 0.00294766
 Mesh Index (12, 1, 3)
   Incoming Energy [0, 0.625)
     Total Material
       Flux                                 0.442014 +/- 0.00251301
   Incoming Energy [0.625, 20000000)
     Total Material
       Flux                                 0.62249 +/- 0.00288422
 Mesh Index (13, 1, 3)
   Incoming Energy [0, 0.625)
     Total Material
       Flux                                 0.482452 +/- 0.00257833
   Incoming Energy [0.625, 20000000)
     Total Material
       Flux                                 0.577003 +/- 0.00300381
 Mesh Index (14, 1, 3)
   Incoming Energy [0, 0.625)
     Total Material
       Flux                                 0.546627 +/- 0.00307438
   Incoming Energy [0.625, 20000000)
     Total Material
       Flux                                 0.466278 +/- 0.00264793
 Mesh Index (15, 1, 3)
   Incoming Energy [0, 0.625)
     Total Material
       Flux                                 0.568139 +/- 0.00345374
   Incoming Energy [0.625, 20000000)
     Total Material
       Flux                                 0.299166 +/- 0.00213252
 Mesh Index (16, 1, 3)
   Incoming Energy [0, 0.625)
     Total Material
       Flux                                 0.556089 +/- 0.00369048
   Incoming Energy [0.625, 20000000)
     Total Material
       Flux                                 0.192161 +/- 0.00161802
 Mesh Index (17, 1, 3)
   Incoming Energy [0, 0.625)
     Total Material
       Flux                                 0.534918 +/- 0.00367181
   Incoming Energy [0.625, 20000000)
     Total Material
       Flux                                 0.124808 +/- 0.00131521
 Mesh Index (18, 1, 3)
   Incoming Energy [0, 0.625)
     Total Material
       Flux                                 0.499559 +/- 0.00378336
   Incoming Energy [0.625, 20000000)
     Total Material
       Flux                                 0.0729949 +/- 0.0010307
 Mesh Index (19, 1, 3)
   Incoming Energy [0, 0.625)
     Total Material
       Flux                                 0.44747 +/- 0.00321447
   Incoming Energy [0.625, 20000000)
     Total Material
       Flux                                 0.0398749 +/- 0.000766057
 Mesh Index (20, 1, 3)
   Incoming Energy [0, 0.625)
     Total Material
       Flux                                 0.382071 +/- 0.00316011
   Incoming Energy [0.625, 20000000)
     Total Material
       Flux                                 0.0211382 +/- 0.000489312
 Mesh Index (21, 1, 3)
   Incoming Energy [0, 0.625)
     Total Material
       Flux                                 0.317062 +/- 0.00286404
   Incoming Energy [0.625, 20000000)
     Total Material
       Flux                                 0.010802 +/- 0.000382113
 Mesh Index (22, 1, 3)
   Incoming Energy [0, 0.625)
     Total Material
       Flux                                 0.250716 +/- 0.00252381
   Incoming Energy [0.625, 20000000)
     Total Material
       Flux                                 0.00552813 +/- 0.000267213
 Mesh Index (23, 1, 3)
   Incoming Energy [0, 0.625)
     Total Material
       Flux                                 0.186131 +/- 0.00222028
   Incoming Energy [0.625, 20000000)
     Total Material
       Flux                                 0.00287209 +/- 0.000190676
 Mesh Index (24, 1, 3)
   Incoming Energy [0, 0.625)
     Total Material
       Flux                                 0.118134 +/- 0.00171052
   Incoming Energy [0.625, 20000000)
     Total Material
       Flux                                 0.00136071 +/- 0.000119204
 Mesh Index (25, 1, 3)
   Incoming Energy [0, 0.625)
     Total Material
       Flux                                 0.0517889 +/- 0.000890241
   Incoming Energy [0.625, 20000000)
     Total Material
       Flux                                 0.00042886 +/- 5.83898e-05
 Mesh Index (1, 1, 4)
   Incoming Energy [0, 0.625)
     Total Material
       Flux                                 0.0252198 +/- 0.000512449
   Incoming Energy [0.625, 20000000)
     Total Material
       Flux                                 0.0509003 +/- 0.000740587
 Mesh Index (2, 1, 4)
   Incoming Energy [0, 0.625)
     Total Material
       Flux                                 0.0745004 +/- 0.00102438
   Incoming Energy [0.625, 20000000)
     Total Material
       Flux                                 0.154992 +/- 0.00148621
 Mesh Index (3, 1, 4)
   Incoming Energy [0, 0.625)
     Total Material
       Flux                                 0.123364 +/- 0.0012594
   Incoming Energy [0.625, 20000000)
     Total Material
       Flux                                 0.254239 +/- 0.00193019
 Mesh Index (4, 1, 4)
   Incoming Energy [0, 0.625)
     Total Material
       Flux                                 0.167822 +/- 0.00141595
   Incoming Energy [0.625, 20000000)
     Total Material
       Flux                                 0.346917 +/- 0.00213902
 Mesh Index (5, 1, 4)
   Incoming Energy [0, 0.625)
     Total Material
       Flux                                 0.213069 +/- 0.00156695
   Incoming Energy [0.625, 20000000)
     Total Material
       Flux                                 0.435183 +/- 0.00255019
 Mesh Index (6, 1, 4)
   Incoming Energy [0, 0.625)
     Total Material
       Flux                                 0.253713 +/- 0.00188338
   Incoming Energy [0.625, 20000000)
     Total Material
       Flux                                 0.512409 +/- 0.00293181
 Mesh Index (7, 1, 4)
   Incoming Energy [0, 0.625)
     Total Material
       Flux                                 0.290909 +/- 0.00212479
   Incoming Energy [0.625, 20000000)
     Total Material
       Flux                                 0.580743 +/- 0.00273415
 Mesh Index (8, 1, 4)
   Incoming Energy [0, 0.625)
     Total Material
       Flux                                 0.319093 +/- 0.00210683
   Incoming Energy [0.625, 20000000)
     Total Material
       Flux                                 0.635327 +/- 0.00269031
 Mesh Index (9, 1, 4)
   Incoming Energy [0, 0.625)
     Total Material
       Flux                                 0.346122 +/- 0.00226212
   Incoming Energy [0.625, 20000000)
     Total Material
       Flux                                 0.669624 +/- 0.00295772
 Mesh Index (10, 1, 4)
   Incoming Energy [0, 0.625)
     Total Material
       Flux                                 0.372985 +/- 0.00215812
   Incoming Energy [0.625, 20000000)
     Total Material
       Flux                                 0.69021 +/- 0.00294124
 Mesh Index (11, 1, 4)
   Incoming Energy [0, 0.625)
     Total Material
       Flux                                 0.39679 +/- 0.00231229
   Incoming Energy [0.625, 20000000)
     Total Material
       Flux                                 0.687593 +/- 0.00285961
 Mesh Index (12, 1, 4)
   Incoming Energy [0, 0.625)
     Total Material
       Flux                                 0.427049 +/- 0.00222451
   Incoming Energy [0.625, 20000000)
     Total Material
       Flux                                 0.663167 +/- 0.00293563
 Mesh Index (13, 1, 4)
   Incoming Energy [0, 0.625)
     Total Material
       Flux                                 0.465919 +/- 0.00259565
   Incoming Energy [0.625, 20000000)
     Total Material
       Flux                                 0.612053 +/- 0.0032008
 Mesh Index (14, 1, 4)
   Incoming Energy [0, 0.625)
     Total Material
       Flux                                 0.527218 +/- 0.00308342
   Incoming Energy [0.625, 20000000)
     Total Material
       Flux                                 0.498157 +/- 0.00275184
 Mesh Index (15, 1, 4)
   Incoming Energy [0, 0.625)
     Total Material
       Flux                                 0.555213 +/- 0.00334693
   Incoming Energy [0.625, 20000000)
     Total Material
       Flux                                 0.320251 +/- 0.00217804
 Mesh Index (16, 1, 4)
   Incoming Energy [0, 0.625)
     Total Material
       Flux                                 0.543835 +/- 0.00341682
   Incoming Energy [0.625, 20000000)
     Total Material
       Flux                                 0.203193 +/- 0.00155121
 Mesh Index (17, 1, 4)
   Incoming Energy [0, 0.625)
     Total Material
       Flux                                 0.524375 +/- 0.00334647
   Incoming Energy [0.625, 20000000)
     Total Material
       Flux                                 0.131631 +/- 0.00131664
 Mesh Index (18, 1, 4)
   Incoming Energy [0, 0.625)
     Total Material
       Flux                                 0.489836 +/- 0.00383647
   Incoming Energy [0.625, 20000000)
     Total Material
       Flux                                 0.0759392 +/- 0.000983019
 Mesh Index (19, 1, 4)
   Incoming Energy [0, 0.625)
     Total Material
       Flux                                 0.436852 +/- 0.00309263
   Incoming Energy [0.625, 20000000)
     Total Material
       Flux                                 0.0417837 +/- 0.000721219
 Mesh Index (20, 1, 4)
   Incoming Energy [0, 0.625)
     Total Material
       Flux                                 0.380628 +/- 0.00331678
   Incoming Energy [0.625, 20000000)
     Total Material
       Flux                                 0.0221942 +/- 0.000567132
 Mesh Index (21, 1, 4)
   Incoming Energy [0, 0.625)
     Total Material
       Flux                                 0.319092 +/- 0.00271851
   Incoming Energy [0.625, 20000000)
     Total Material
       Flux                                 0.0117356 +/- 0.000396126
 Mesh Index (22, 1, 4)
   Incoming Energy [0, 0.625)
     Total Material
       Flux                                 0.252041 +/- 0.00251603
   Incoming Energy [0.625, 20000000)
     Total Material
       Flux                                 0.005921 +/- 0.000231253
 Mesh Index (23, 1, 4)
   Incoming Energy [0, 0.625)
     Total Material
       Flux                                 0.186532 +/- 0.00216112
   Incoming Energy [0.625, 20000000)
     Total Material
       Flux                                 0.0030194 +/- 0.000192384
 Mesh Index (24, 1, 4)
   Incoming Energy [0, 0.625)
     Total Material
       Flux                                 0.119497 +/- 0.0016456
   Incoming Energy [0.625, 20000000)
     Total Material
       Flux                                 0.00144147 +/- 0.000147851
 Mesh Index (25, 1, 4)
   Incoming Energy [0, 0.625)
     Total Material
       Flux                                 0.0516359 +/- 0.000918473
   Incoming Energy [0.625, 20000000)
     Total Material
       Flux                                 0.000457884 +/- 6.22654e-05
 Mesh Index (1, 1, 5)
   Incoming Energy [0, 0.625)
     Total Material
       Flux                                 0.0236014 +/- 0.000499723
   Incoming Energy [0.625, 20000000)
     Total Material
       Flux                                 0.0532809 +/- 0.000692429
 Mesh Index (2, 1, 5)
   Incoming Energy [0, 0.625)
     Total Material
       Flux                                 0.0712549 +/- 0.000964745
   Incoming Energy [0.625, 20000000)
     Total Material
       Flux                                 0.160891 +/- 0.00150495
 Mesh Index (3, 1, 5)
   Incoming Energy [0, 0.625)
     Total Material
       Flux                                 0.120086 +/- 0.00133903
   Incoming Energy [0.625, 20000000)
     Total Material
       Flux                                 0.26659 +/- 0.00181009
 Mesh Index (4, 1, 5)
   Incoming Energy [0, 0.625)
     Total Material
       Flux                                 0.16393 +/- 0.0013296
   Incoming Energy [0.625, 20000000)
     Total Material
       Flux                                 0.363914 +/- 0.00199703
 Mesh Index (5, 1, 5)
   Incoming Energy [0, 0.625)
     Total Material
       Flux                                 0.2066 +/- 0.00151517
   Incoming Energy [0.625, 20000000)
     Total Material
       Flux                                 0.455319 +/- 0.00227815
 Mesh Index (6, 1, 5)
   Incoming Energy [0, 0.625)
     Total Material
       Flux                                 0.246631 +/- 0.00171599
   Incoming Energy [0.625, 20000000)
     Total Material
       Flux                                 0.539804 +/- 0.00273448
 Mesh Index (7, 1, 5)
   Incoming Energy [0, 0.625)
     Total Material
       Flux                                 0.280536 +/- 0.00194183
   Incoming Energy [0.625, 20000000)
     Total Material
       Flux                                 0.609874 +/- 0.00290968
 Mesh Index (8, 1, 5)
   Incoming Energy [0, 0.625)
     Total Material
       Flux                                 0.309793 +/- 0.00224696
   Incoming Energy [0.625, 20000000)
     Total Material
       Flux                                 0.665657 +/- 0.00275993
 Mesh Index (9, 1, 5)
   Incoming Energy [0, 0.625)
     Total Material
       Flux                                 0.335774 +/- 0.00215584
   Incoming Energy [0.625, 20000000)
     Total Material
       Flux                                 0.701949 +/- 0.00282224
 Mesh Index (10, 1, 5)
   Incoming Energy [0, 0.625)
     Total Material
       Flux                                 0.358711 +/- 0.00201719
   Incoming Energy [0.625, 20000000)
     Total Material
       Flux                                 0.72069 +/- 0.0028284
 Mesh Index (11, 1, 5)
   Incoming Energy [0, 0.625)
     Total Material
       Flux                                 0.383943 +/- 0.00212161
   Incoming Energy [0.625, 20000000)
     Total Material
       Flux                                 0.721113 +/- 0.00303132
 Mesh Index (12, 1, 5)
   Incoming Energy [0, 0.625)
     Total Material
       Flux                                 0.414713 +/- 0.00226971
   Incoming Energy [0.625, 20000000)
     Total Material
       Flux                                 0.694026 +/- 0.00361151
 Mesh Index (13, 1, 5)
   Incoming Energy [0, 0.625)
     Total Material
       Flux                                 0.454015 +/- 0.00268224
   Incoming Energy [0.625, 20000000)
     Total Material
       Flux                                 0.640339 +/- 0.00325132
 Mesh Index (14, 1, 5)
   Incoming Energy [0, 0.625)
     Total Material
       Flux                                 0.50932 +/- 0.0030522
   Incoming Energy [0.625, 20000000)
     Total Material
       Flux                                 0.517734 +/- 0.00278778
 Mesh Index (15, 1, 5)
   Incoming Energy [0, 0.625)
     Total Material
       Flux                                 0.52983 +/- 0.0035192
   Incoming Energy [0.625, 20000000)
     Total Material
       Flux                                 0.330527 +/- 0.00212107
 Mesh Index (16, 1, 5)
   Incoming Energy [0, 0.625)
     Total Material
       Flux                                 0.514521 +/- 0.00327793
   Incoming Energy [0.625, 20000000)
     Total Material
       Flux                                 0.207902 +/- 0.00164384
 Mesh Index (17, 1, 5)
   Incoming Energy [0, 0.625)
     Total Material
       Flux                                 0.505375 +/- 0.00347036
   Incoming Energy [0.625, 20000000)
     Total Material
       Flux                                 0.136596 +/- 0.00153059
 Mesh Index (18, 1, 5)
   Incoming Energy [0, 0.625)
     Total Material
       Flux                                 0.477569 +/- 0.00339095
   Incoming Energy [0.625, 20000000)
     Total Material
       Flux                                 0.0782055 +/- 0.00101889
 Mesh Index (19, 1, 5)
   Incoming Energy [0, 0.625)
     Total Material
       Flux                                 0.429539 +/- 0.00330152
   Incoming Energy [0.625, 20000000)
     Total Material
       Flux                                 0.0428785 +/- 0.000784175
 Mesh Index (20, 1, 5)
   Incoming Energy [0, 0.625)
     Total Material
       Flux                                 0.378096 +/- 0.00329953
   Incoming Energy [0.625, 20000000)
     Total Material
       Flux                                 0.0224942 +/- 0.00050171
 Mesh Index (21, 1, 5)
   Incoming Energy [0, 0.625)
     Total Material
       Flux                                 0.314481 +/- 0.00271146
   Incoming Energy [0.625, 20000000)
     Total Material
       Flux                                 0.0120892 +/- 0.000422214
 Mesh Index (22, 1, 5)
   Incoming Energy [0, 0.625)
     Total Material
       Flux                                 0.252742 +/- 0.0025408
   Incoming Energy [0.625, 20000000)
     Total Material
       Flux                                 0.00632771 +/- 0.000310846
 Mesh Index (23, 1, 5)
   Incoming Energy [0, 0.625)
     Total Material
       Flux                                 0.185365 +/- 0.00219285
   Incoming Energy [0.625, 20000000)
     Total Material
       Flux                                 0.00302106 +/- 0.000192142
 Mesh Index (24, 1, 5)
   Incoming Energy [0, 0.625)
     Total Material
       Flux                                 0.1186 +/- 0.00166253
   Incoming Energy [0.625, 20000000)
     Total Material
       Flux                                 0.00145794 +/- 0.000148758
 Mesh Index (25, 1, 5)
   Incoming Energy [0, 0.625)
     Total Material
       Flux                                 0.0515865 +/- 0.000817059
   Incoming Energy [0.625, 20000000)
     Total Material
       Flux                                 0.000592102 +/- 9.75454e-05
 Mesh Index (1, 1, 6)
   Incoming Energy [0, 0.625)
     Total Material
       Flux                                 0.0231808 +/- 0.000459757
   Incoming Energy [0.625, 20000000)
     Total Material
       Flux                                 0.0554953 +/- 0.000758578
 Mesh Index (2, 1, 6)
   Incoming Energy [0, 0.625)
     Total Material
       Flux                                 0.0700613 +/- 0.000972306
   Incoming Energy [0.625, 20000000)
     Total Material
       Flux                                 0.166948 +/- 0.00137047
 Mesh Index (3, 1, 6)
   Incoming Energy [0, 0.625)
     Total Material
       Flux                                 0.115652 +/- 0.00127168
   Incoming Energy [0.625, 20000000)
     Total Material
       Flux                                 0.274793 +/- 0.00201116
 Mesh Index (4, 1, 6)
   Incoming Energy [0, 0.625)
     Total Material
       Flux                                 0.16092 +/- 0.00144266
   Incoming Energy [0.625, 20000000)
     Total Material
       Flux                                 0.37873 +/- 0.00205465
 Mesh Index (5, 1, 6)
   Incoming Energy [0, 0.625)
     Total Material
       Flux                                 0.202707 +/- 0.00147603
   Incoming Energy [0.625, 20000000)
     Total Material
       Flux                                 0.471571 +/- 0.00248884
 Mesh Index (6, 1, 6)
   Incoming Energy [0, 0.625)
     Total Material
       Flux                                 0.240978 +/- 0.00189752
   Incoming Energy [0.625, 20000000)
     Total Material
       Flux                                 0.557373 +/- 0.00253976
 Mesh Index (7, 1, 6)
   Incoming Energy [0, 0.625)
     Total Material
       Flux                                 0.274725 +/- 0.00191704
   Incoming Energy [0.625, 20000000)
     Total Material
       Flux                                 0.633136 +/- 0.00302111
 Mesh Index (8, 1, 6)
   Incoming Energy [0, 0.625)
     Total Material
       Flux                                 0.30451 +/- 0.00211602
   Incoming Energy [0.625, 20000000)
     Total Material
       Flux                                 0.688281 +/- 0.00303132
 Mesh Index (9, 1, 6)
   Incoming Energy [0, 0.625)
     Total Material
       Flux                                 0.330923 +/- 0.00196748
   Incoming Energy [0.625, 20000000)
     Total Material
       Flux                                 0.728682 +/- 0.00298622
 Mesh Index (10, 1, 6)
   Incoming Energy [0, 0.625)
     Total Material
       Flux                                 0.35229 +/- 0.00209621
   Incoming Energy [0.625, 20000000)
     Total Material
       Flux                                 0.74738 +/- 0.002856
 Mesh Index (11, 1, 6)
   Incoming Energy [0, 0.625)
     Total Material
       Flux                                 0.377366 +/- 0.00207888
   Incoming Energy [0.625, 20000000)
     Total Material
       Flux                                 0.74927 +/- 0.00297098
 Mesh Index (12, 1, 6)
   Incoming Energy [0, 0.625)
     Total Material
       Flux                                 0.405084 +/- 0.00229982
   Incoming Energy [0.625, 20000000)
     Total Material
       Flux                                 0.716643 +/- 0.0032253
 Mesh Index (13, 1, 6)
   Incoming Energy [0, 0.625)
     Total Material
       Flux                                 0.439814 +/- 0.00267609
   Incoming Energy [0.625, 20000000)
     Total Material
       Flux                                 0.659534 +/- 0.00334202
 Mesh Index (14, 1, 6)
   Incoming Energy [0, 0.625)
     Total Material
       Flux                                 0.494224 +/- 0.0029416
   Incoming Energy [0.625, 20000000)
     Total Material
       Flux                                 0.535573 +/- 0.00270863
 Mesh Index (15, 1, 6)
   Incoming Energy [0, 0.625)
     Total Material
       Flux                                 0.498317 +/- 0.00298624
   Incoming Energy [0.625, 20000000)
     Total Material
       Flux                                 0.341471 +/- 0.00220012
 Mesh Index (16, 1, 6)
   Incoming Energy [0, 0.625)
     Total Material
       Flux                                 0.475529 +/- 0.00310296
   Incoming Energy [0.625, 20000000)
     Total Material
       Flux                                 0.208244 +/- 0.00158183
 Mesh Index (17, 1, 6)
   Incoming Energy [0, 0.625)
     Total Material
       Flux                                 0.473672 +/- 0.00329117
   Incoming Energy [0.625, 20000000)
     Total Material
       Flux                                 0.130447 +/- 0.00140933
 Mesh Index (18, 1, 6)
   Incoming Energy [0, 0.625)
     Total Material
       Flux                                 0.456946 +/- 0.0034686
   Incoming Energy [0.625, 20000000)
     Total Material
       Flux                                 0.0776625 +/- 0.00104528
 Mesh Index (19, 1, 6)
   Incoming Energy [0, 0.625)
     Total Material
       Flux                                 0.422296 +/- 0.0033575
   Incoming Energy [0.625, 20000000)
     Total Material
       Flux                                 0.0436409 +/- 0.000759224
 Mesh Index (20, 1, 6)
   Incoming Energy [0, 0.625)
     Total Material
       Flux                                 0.371953 +/- 0.00327224
   Incoming Energy [0.625, 20000000)
     Total Material
       Flux                                 0.0228721 +/- 0.000532661
 Mesh Index (21, 1, 6)
   Incoming Energy [0, 0.625)
     Total Material
       Flux                                 0.311293 +/- 0.00304955
   Incoming Energy [0.625, 20000000)
     Total Material
       Flux                                 0.0125109 +/- 0.000409124
 Mesh Index (22, 1, 6)
   Incoming Energy [0, 0.625)
     Total Material
       Flux                                 0.248202 +/- 0.00260973
   Incoming Energy [0.625, 20000000)
     Total Material
       Flux                                 0.00640369 +/- 0.00033265
 Mesh Index (23, 1, 6)
   Incoming Energy [0, 0.625)
     Total Material
       Flux                                 0.184823 +/- 0.00197375
   Incoming Energy [0.625, 20000000)
     Total Material
       Flux                                 0.00316988 +/- 0.000201568
 Mesh Index (24, 1, 6)
   Incoming Energy [0, 0.625)
     Total Material
       Flux                                 0.118155 +/- 0.00143976
   Incoming Energy [0.625, 20000000)
     Total Material
       Flux                                 0.00146571 +/- 0.000136691
 Mesh Index (25, 1, 6)
   Incoming Energy [0, 0.625)
     Total Material
       Flux                                 0.0516974 +/- 0.00087328
   Incoming Energy [0.625, 20000000)
     Total Material
       Flux                                 0.000569029 +/- 9.36232e-05
 Mesh Index (1, 1, 7)
   Incoming Energy [0, 0.625)
     Total Material
       Flux                                 0.0235196 +/- 0.000478478
   Incoming Energy [0.625, 20000000)
     Total Material
       Flux                                 0.0581346 +/- 0.00073304
 Mesh Index (2, 1, 7)
   Incoming Energy [0, 0.625)
     Total Material
       Flux                                 0.0692441 +/- 0.000945086
   Incoming Energy [0.625, 20000000)
     Total Material
       Flux                                 0.171621 +/- 0.00152455
 Mesh Index (3, 1, 7)
   Incoming Energy [0, 0.625)
     Total Material
       Flux                                 0.113499 +/- 0.00122947
   Incoming Energy [0.625, 20000000)
     Total Material
       Flux                                 0.28105 +/- 0.00196671
 Mesh Index (4, 1, 7)
   Incoming Energy [0, 0.625)
     Total Material
       Flux                                 0.157899 +/- 0.00138622
   Incoming Energy [0.625, 20000000)
     Total Material
       Flux                                 0.390322 +/- 0.00218425
 Mesh Index (5, 1, 7)
   Incoming Energy [0, 0.625)
     Total Material
       Flux                                 0.19918 +/- 0.00153715
   Incoming Energy [0.625, 20000000)
     Total Material
       Flux                                 0.487637 +/- 0.00236634
 Mesh Index (6, 1, 7)
   Incoming Energy [0, 0.625)
     Total Material
       Flux                                 0.237176 +/- 0.00164237
   Incoming Energy [0.625, 20000000)
     Total Material
       Flux                                 0.571677 +/- 0.0027429
 Mesh Index (7, 1, 7)
   Incoming Energy [0, 0.625)
     Total Material
       Flux                                 0.271201 +/- 0.00195608
   Incoming Energy [0.625, 20000000)
     Total Material
       Flux                                 0.643867 +/- 0.00284272
 Mesh Index (8, 1, 7)
   Incoming Energy [0, 0.625)
     Total Material
       Flux                                 0.301512 +/- 0.00211223
   Incoming Energy [0.625, 20000000)
     Total Material
       Flux                                 0.706216 +/- 0.00303259
 Mesh Index (9, 1, 7)
   Incoming Energy [0, 0.625)
     Total Material
       Flux                                 0.325853 +/- 0.00199013
   Incoming Energy [0.625, 20000000)
     Total Material
       Flux                                 0.751146 +/- 0.00285218
 Mesh Index (10, 1, 7)
   Incoming Energy [0, 0.625)
     Total Material
       Flux                                 0.35128 +/- 0.00197919
   Incoming Energy [0.625, 20000000)
     Total Material
       Flux                                 0.770245 +/- 0.00290516
 Mesh Index (11, 1, 7)
   Incoming Energy [0, 0.625)
     Total Material
       Flux                                 0.372306 +/- 0.00212708
   Incoming Energy [0.625, 20000000)
     Total Material
       Flux                                 0.766374 +/- 0.00281047
 Mesh Index (12, 1, 7)
   Incoming Energy [0, 0.625)
     Total Material
       Flux                                 0.400224 +/- 0.00228015
   Incoming Energy [0.625, 20000000)
     Total Material
       Flux                                 0.738259 +/- 0.00303738
 Mesh Index (13, 1, 7)
   Incoming Energy [0, 0.625)
     Total Material
       Flux                                 0.429078 +/- 0.00249022
   Incoming Energy [0.625, 20000000)
     Total Material
       Flux                                 0.678116 +/- 0.00300928
 Mesh Index (14, 1, 7)
   Incoming Energy [0, 0.625)
     Total Material
       Flux                                 0.47622 +/- 0.00282867
   Incoming Energy [0.625, 20000000)
     Total Material
       Flux                                 0.54965 +/- 0.00279127
 Mesh Index (15, 1, 7)
   Incoming Energy [0, 0.625)
     Total Material
       Flux                                 0.455943 +/- 0.00296343
   Incoming Energy [0.625, 20000000)
     Total Material
       Flux                                 0.342364 +/- 0.00223776
 Mesh Index (16, 1, 7)
   Incoming Energy [0, 0.625)
     Total Material
       Flux                                 0.398385 +/- 0.00284962
   Incoming Energy [0.625, 20000000)
     Total Material
       Flux                                 0.189881 +/- 0.00147307
 Mesh Index (17, 1, 7)
   Incoming Energy [0, 0.625)
     Total Material
       Flux                                 0.427323 +/- 0.00309172
   Incoming Energy [0.625, 20000000)
     Total Material
       Flux                                 0.119943 +/- 0.00119726
 Mesh Index (18, 1, 7)
   Incoming Energy [0, 0.625)
     Total Material
       Flux                                 0.437674 +/- 0.00370167
   Incoming Energy [0.625, 20000000)
     Total Material
       Flux                                 0.0743074 +/- 0.000856255
 Mesh Index (19, 1, 7)
   Incoming Energy [0, 0.625)
     Total Material
       Flux                                 0.410224 +/- 0.0032837
   Incoming Energy [0.625, 20000000)
     Total Material
       Flux                                 0.0431933 +/- 0.000707477
 Mesh Index (20, 1, 7)
   Incoming Energy [0, 0.625)
     Total Material
       Flux                                 0.363975 +/- 0.00328504
   Incoming Energy [0.625, 20000000)
     Total Material
       Flux                                 0.0239326 +/- 0.000519391
 Mesh Index (21, 1, 7)
   Incoming Energy [0, 0.625)
     Total Material
       Flux                                 0.305885 +/- 0.00297833
   Incoming Energy [0.625, 20000000)
     Total Material
       Flux                                 0.0122566 +/- 0.000418985
 Mesh Index (22, 1, 7)
   Incoming Energy [0, 0.625)
     Total Material
       Flux                                 0.244128 +/- 0.00279835
   Incoming Energy [0.625, 20000000)
     Total Material
       Flux                                 0.00610815 +/- 0.000303527
 Mesh Index (23, 1, 7)
   Incoming Energy [0, 0.625)
     Total Material
       Flux                                 0.182951 +/- 0.00196806
   Incoming Energy [0.625, 20000000)
     Total Material
       Flux                                 0.00301263 +/- 0.00020056
 Mesh Index (24, 1, 7)
   Incoming Energy [0, 0.625)
     Total Material
       Flux                                 0.117774 +/- 0.00141031
   Incoming Energy [0.625, 20000000)
     Total Material
       Flux                                 0.00156112 +/- 0.000150141
 Mesh Index (25, 1, 7)
   Incoming Energy [0, 0.625)
     Total Material
       Flux                                 0.0501116 +/- 0.000755601
   Incoming Energy [0.625, 20000000)
     Total Material
       Flux                                 0.000604427 +/- 7.669e-05
 Mesh Index (1, 1, 8)
   Incoming Energy [0, 0.625)
     Total Material
       Flux                                 0.0236955 +/- 0.000485207
   Incoming Energy [0.625, 20000000)
     Total Material
       Flux                                 0.0603122 +/- 0.000807794
 Mesh Index (2, 1, 8)
   Incoming Energy [0, 0.625)
     Total Material
       Flux                                 0.0695082 +/- 0.000912894
   Incoming Energy [0.625, 20000000)
     Total Material
       Flux                                 0.174726 +/- 0.00152849
 Mesh Index (3, 1, 8)
   Incoming Energy [0, 0.625)
     Total Material
       Flux                                 0.114513 +/- 0.00124017
   Incoming Energy [0.625, 20000000)
     Total Material
       Flux                                 0.287711 +/- 0.00181696
 Mesh Index (4, 1, 8)
   Incoming Energy [0, 0.625)
     Total Material
       Flux                                 0.156614 +/- 0.00144689
   Incoming Energy [0.625, 20000000)
     Total Material
       Flux                                 0.398649 +/- 0.00230987
 Mesh Index (5, 1, 8)
   Incoming Energy [0, 0.625)
     Total Material
       Flux                                 0.196949 +/- 0.00158315
   Incoming Energy [0.625, 20000000)
     Total Material
       Flux                                 0.496862 +/- 0.00272031
 Mesh Index (6, 1, 8)
   Incoming Energy [0, 0.625)
     Total Material
       Flux                                 0.236139 +/- 0.00167668
   Incoming Energy [0.625, 20000000)
     Total Material
       Flux                                 0.584552 +/- 0.00260076
 Mesh Index (7, 1, 8)
   Incoming Energy [0, 0.625)
     Total Material
       Flux                                 0.268983 +/- 0.00189362
   Incoming Energy [0.625, 20000000)
     Total Material
       Flux                                 0.659874 +/- 0.0027231
 Mesh Index (8, 1, 8)
   Incoming Energy [0, 0.625)
     Total Material
       Flux                                 0.298619 +/- 0.00175161
   Incoming Energy [0.625, 20000000)
     Total Material
       Flux                                 0.720039 +/- 0.00288691
 Mesh Index (9, 1, 8)
   Incoming Energy [0, 0.625)
     Total Material
       Flux                                 0.320682 +/- 0.00198226
   Incoming Energy [0.625, 20000000)
     Total Material
       Flux                                 0.767223 +/- 0.00308332
 Mesh Index (10, 1, 8)
   Incoming Energy [0, 0.625)
     Total Material
       Flux                                 0.350518 +/- 0.00213178
   Incoming Energy [0.625, 20000000)
     Total Material
       Flux                                 0.785083 +/- 0.00311993
 Mesh Index (11, 1, 8)
   Incoming Energy [0, 0.625)
     Total Material
       Flux                                 0.37083 +/- 0.00193406
   Incoming Energy [0.625, 20000000)
     Total Material
       Flux                                 0.783954 +/- 0.0029216
 Mesh Index (12, 1, 8)
   Incoming Energy [0, 0.625)
     Total Material
       Flux                                 0.395515 +/- 0.00214753
   Incoming Energy [0.625, 20000000)
     Total Material
       Flux                                 0.75524 +/- 0.00309397
 Mesh Index (13, 1, 8)
   Incoming Energy [0, 0.625)
     Total Material
       Flux                                 0.421338 +/- 0.00255916
   Incoming Energy [0.625, 20000000)
     Total Material
       Flux                                 0.696788 +/- 0.00274979
 Mesh Index (14, 1, 8)
   Incoming Energy [0, 0.625)
     Total Material
       Flux                                 0.462094 +/- 0.00282193
   Incoming Energy [0.625, 20000000)
     Total Material
       Flux                                 0.565729 +/- 0.00283843
 Mesh Index (15, 1, 8)
   Incoming Energy [0, 0.625)
     Total Material
       Flux                                 0.436948 +/- 0.0031761
   Incoming Energy [0.625, 20000000)
     Total Material
       Flux                                 0.349862 +/- 0.00214966
 Mesh Index (16, 1, 8)
   Incoming Energy [0, 0.625)
     Total Material
       Flux                                 0.380872 +/- 0.00284103
   Incoming Energy [0.625, 20000000)
     Total Material
       Flux                                 0.18839 +/- 0.00145692
 Mesh Index (17, 1, 8)
   Incoming Energy [0, 0.625)
     Total Material
       Flux                                 0.401602 +/- 0.00317873
   Incoming Energy [0.625, 20000000)
     Total Material
       Flux                                 0.113923 +/- 0.00107856
 Mesh Index (18, 1, 8)
   Incoming Energy [0, 0.625)
     Total Material
       Flux                                 0.418085 +/- 0.00377922
   Incoming Energy [0.625, 20000000)
     Total Material
       Flux                                 0.0708998 +/- 0.000928263
 Mesh Index (19, 1, 8)
   Incoming Energy [0, 0.625)
     Total Material
       Flux                                 0.396868 +/- 0.00335162
   Incoming Energy [0.625, 20000000)
     Total Material
       Flux                                 0.0416461 +/- 0.000768321
 Mesh Index (20, 1, 8)
   Incoming Energy [0, 0.625)
     Total Material
       Flux                                 0.355516 +/- 0.00301368
   Incoming Energy [0.625, 20000000)
     Total Material
       Flux                                 0.0227464 +/- 0.000537546
 Mesh Index (21, 1, 8)
   Incoming Energy [0, 0.625)
     Total Material
       Flux                                 0.299675 +/- 0.00268106
   Incoming Energy [0.625, 20000000)
     Total Material
       Flux                                 0.0121804 +/- 0.000381274
 Mesh Index (22, 1, 8)
   Incoming Energy [0, 0.625)
     Total Material
       Flux                                 0.242031 +/- 0.00262298
   Incoming Energy [0.625, 20000000)
     Total Material
       Flux                                 0.00652827 +/- 0.000302614
 Mesh Index (23, 1, 8)
   Incoming Energy [0, 0.625)
     Total Material
       Flux                                 0.179418 +/- 0.00205122
   Incoming Energy [0.625, 20000000)
     Total Material
       Flux                                 0.00315602 +/- 0.000207697
 Mesh Index (24, 1, 8)
   Incoming Energy [0, 0.625)
     Total Material
       Flux                                 0.118068 +/- 0.00149133
   Incoming Energy [0.625, 20000000)
     Total Material
       Flux                                 0.00165536 +/- 0.000137331
 Mesh Index (25, 1, 8)
   Incoming Energy [0, 0.625)
     Total Material
       Flux                                 0.0516018 +/- 0.000828249
   Incoming Energy [0.625, 20000000)
     Total Material
       Flux                                 0.000682982 +/- 9.10919e-05
 Mesh Index (1, 1, 9)
   Incoming Energy [0, 0.625)
     Total Material
       Flux                                 0.023659 +/- 0.000532543
   Incoming Energy [0.625, 20000000)
     Total Material
       Flux                                 0.0606523 +/- 0.000841332
 Mesh Index (2, 1, 9)
   Incoming Energy [0, 0.625)
     Total Material
       Flux                                 0.0704786 +/- 0.000913425
   Incoming Energy [0.625, 20000000)
     Total Material
       Flux                                 0.176943 +/- 0.00144002
 Mesh Index (3, 1, 9)
   Incoming Energy [0, 0.625)
     Total Material
       Flux                                 0.114653 +/- 0.0012833
   Incoming Energy [0.625, 20000000)
     Total Material
       Flux                                 0.292583 +/- 0.00180174
 Mesh Index (4, 1, 9)
   Incoming Energy [0, 0.625)
     Total Material
       Flux                                 0.156028 +/- 0.00153278
   Incoming Energy [0.625, 20000000)
     Total Material
       Flux                                 0.407818 +/- 0.00224327
 Mesh Index (5, 1, 9)
   Incoming Energy [0, 0.625)
     Total Material
       Flux                                 0.196294 +/- 0.00153241
   Incoming Energy [0.625, 20000000)
     Total Material
       Flux                                 0.508968 +/- 0.00257429
 Mesh Index (6, 1, 9)
   Incoming Energy [0, 0.625)
     Total Material
       Flux                                 0.237169 +/- 0.0016251
   Incoming Energy [0.625, 20000000)
     Total Material
       Flux                                 0.601172 +/- 0.00270364
 Mesh Index (7, 1, 9)
   Incoming Energy [0, 0.625)
     Total Material
       Flux                                 0.268166 +/- 0.00154406
   Incoming Energy [0.625, 20000000)
     Total Material
       Flux                                 0.671556 +/- 0.00314009
 Mesh Index (8, 1, 9)
   Incoming Energy [0, 0.625)
     Total Material
       Flux                                 0.293905 +/- 0.00169924
   Incoming Energy [0.625, 20000000)
     Total Material
       Flux                                 0.733495 +/- 0.00315456
 Mesh Index (9, 1, 9)
   Incoming Energy [0, 0.625)
     Total Material
       Flux                                 0.322046 +/- 0.00186754
   Incoming Energy [0.625, 20000000)
     Total Material
       Flux                                 0.780122 +/- 0.00314101
 Mesh Index (10, 1, 9)
   Incoming Energy [0, 0.625)
     Total Material
       Flux                                 0.348555 +/- 0.00210374
   Incoming Energy [0.625, 20000000)
     Total Material
       Flux                                 0.802628 +/- 0.00293453
 Mesh Index (11, 1, 9)
   Incoming Energy [0, 0.625)
     Total Material
       Flux                                 0.368658 +/- 0.00214766
   Incoming Energy [0.625, 20000000)
     Total Material
       Flux                                 0.799892 +/- 0.00284278
 Mesh Index (12, 1, 9)
   Incoming Energy [0, 0.625)
     Total Material
       Flux                                 0.390317 +/- 0.00200013
   Incoming Energy [0.625, 20000000)
     Total Material
       Flux                                 0.770688 +/- 0.00300472
 Mesh Index (13, 1, 9)
   Incoming Energy [0, 0.625)
     Total Material
       Flux                                 0.416211 +/- 0.00242274
   Incoming Energy [0.625, 20000000)
     Total Material
       Flux                                 0.705102 +/- 0.00288009
 Mesh Index (14, 1, 9)
   Incoming Energy [0, 0.625)
     Total Material
       Flux                                 0.456196 +/- 0.00262257
   Incoming Energy [0.625, 20000000)
     Total Material
       Flux                                 0.573946 +/- 0.00281749
 Mesh Index (15, 1, 9)
   Incoming Energy [0, 0.625)
     Total Material
       Flux                                 0.428917 +/- 0.00297856
   Incoming Energy [0.625, 20000000)
     Total Material
       Flux                                 0.352417 +/- 0.00213305
 Mesh Index (16, 1, 9)
   Incoming Energy [0, 0.625)
     Total Material
       Flux                                 0.374144 +/- 0.00315703
   Incoming Energy [0.625, 20000000)
     Total Material
       Flux                                 0.188777 +/- 0.00163613
 Mesh Index (17, 1, 9)
   Incoming Energy [0, 0.625)
     Total Material
       Flux                                 0.391557 +/- 0.0032378
   Incoming Energy [0.625, 20000000)
     Total Material
       Flux                                 0.113297 +/- 0.00120391
 Mesh Index (18, 1, 9)
   Incoming Energy [0, 0.625)
     Total Material
       Flux                                 0.406237 +/- 0.00341154
   Incoming Energy [0.625, 20000000)
     Total Material
       Flux                                 0.0684443 +/- 0.000911863
 Mesh Index (19, 1, 9)
   Incoming Energy [0, 0.625)
     Total Material
       Flux                                 0.386364 +/- 0.00345929
   Incoming Energy [0.625, 20000000)
     Total Material
       Flux                                 0.0400648 +/- 0.000743768
 Mesh Index (20, 1, 9)
   Incoming Energy [0, 0.625)
     Total Material
       Flux                                 0.348224 +/- 0.00287532
   Incoming Energy [0.625, 20000000)
     Total Material
       Flux                                 0.0219972 +/- 0.000562406
 Mesh Index (21, 1, 9)
   Incoming Energy [0, 0.625)
     Total Material
       Flux                                 0.296048 +/- 0.00250086
   Incoming Energy [0.625, 20000000)
     Total Material
       Flux                                 0.0115222 +/- 0.00039672
 Mesh Index (22, 1, 9)
   Incoming Energy [0, 0.625)
     Total Material
       Flux                                 0.234698 +/- 0.00220735
   Incoming Energy [0.625, 20000000)
     Total Material
       Flux                                 0.0058923 +/- 0.000268763
 Mesh Index (23, 1, 9)
   Incoming Energy [0, 0.625)
     Total Material
       Flux                                 0.17883 +/- 0.00202925
   Incoming Energy [0.625, 20000000)
     Total Material
       Flux                                 0.00311322 +/- 0.000198333
 Mesh Index (24, 1, 9)
   Incoming Energy [0, 0.625)
     Total Material
       Flux                                 0.117987 +/- 0.00138141
   Incoming Energy [0.625, 20000000)
     Total Material
       Flux                                 0.00153243 +/- 0.000137433
 Mesh Index (25, 1, 9)
   Incoming Energy [0, 0.625)
     Total Material
       Flux                                 0.0507478 +/- 0.000780281
   Incoming Energy [0.625, 20000000)
     Total Material
       Flux                                 0.000537396 +/- 6.07783e-05
 Mesh Index (1, 1, 10)
   Incoming Energy [0, 0.625)
     Total Material
       Flux                                 0.0232089 +/- 0.000477746
   Incoming Energy [0.625, 20000000)
     Total Material
       Flux                                 0.0618994 +/- 0.000760677
 Mesh Index (2, 1, 10)
   Incoming Energy [0, 0.625)
     Total Material
       Flux                                 0.0708532 +/- 0.00102292
   Incoming Energy [0.625, 20000000)
     Total Material
       Flux                                 0.179791 +/- 0.00157585
 Mesh Index (3, 1, 10)
   Incoming Energy [0, 0.625)
     Total Material
       Flux                                 0.115562 +/- 0.00136519
   Incoming Energy [0.625, 20000000)
     Total Material
       Flux                                 0.299641 +/- 0.00189347
 Mesh Index (4, 1, 10)
   Incoming Energy [0, 0.625)
     Total Material
       Flux                                 0.15782 +/- 0.00145176
   Incoming Energy [0.625, 20000000)
     Total Material
       Flux                                 0.411146 +/- 0.00215713
 Mesh Index (5, 1, 10)
   Incoming Energy [0, 0.625)
     Total Material
       Flux                                 0.198796 +/- 0.0016654
   Incoming Energy [0.625, 20000000)
     Total Material
       Flux                                 0.511712 +/- 0.00234847
 Mesh Index (6, 1, 10)
   Incoming Energy [0, 0.625)
     Total Material
       Flux                                 0.237839 +/- 0.00156549
   Incoming Energy [0.625, 20000000)
     Total Material
       Flux                                 0.608748 +/- 0.00280352
 Mesh Index (7, 1, 10)
   Incoming Energy [0, 0.625)
     Total Material
       Flux                                 0.268939 +/- 0.00186027
   Incoming Energy [0.625, 20000000)
     Total Material
       Flux                                 0.682129 +/- 0.00289171
 Mesh Index (8, 1, 10)
   Incoming Energy [0, 0.625)
     Total Material
       Flux                                 0.299158 +/- 0.00179873
   Incoming Energy [0.625, 20000000)
     Total Material
       Flux                                 0.743999 +/- 0.00304107
 Mesh Index (9, 1, 10)
   Incoming Energy [0, 0.625)
     Total Material
       Flux                                 0.323984 +/- 0.0018954
   Incoming Energy [0.625, 20000000)
     Total Material
       Flux                                 0.786013 +/- 0.00283017
 Mesh Index (10, 1, 10)
   Incoming Energy [0, 0.625)
     Total Material
       Flux                                 0.349403 +/- 0.00211097
   Incoming Energy [0.625, 20000000)
     Total Material
       Flux                                 0.809404 +/- 0.00313843
 Mesh Index (11, 1, 10)
   Incoming Energy [0, 0.625)
     Total Material
       Flux                                 0.368791 +/- 0.00219759
   Incoming Energy [0.625, 20000000)
     Total Material
       Flux                                 0.809821 +/- 0.00332182
 Mesh Index (12, 1, 10)
   Incoming Energy [0, 0.625)
     Total Material
       Flux                                 0.390251 +/- 0.00237793
   Incoming Energy [0.625, 20000000)
     Total Material
       Flux                                 0.77916 +/- 0.00309219
 Mesh Index (13, 1, 10)
   Incoming Energy [0, 0.625)
     Total Material
       Flux                                 0.415028 +/- 0.002192
   Incoming Energy [0.625, 20000000)
     Total Material
       Flux                                 0.711062 +/- 0.00261864
 Mesh Index (14, 1, 10)
   Incoming Energy [0, 0.625)
     Total Material
       Flux                                 0.453208 +/- 0.00281397
   Incoming Energy [0.625, 20000000)
     Total Material
       Flux                                 0.57635 +/- 0.0028228
 Mesh Index (15, 1, 10)
   Incoming Energy [0, 0.625)
     Total Material
       Flux                                 0.419852 +/- 0.00266002
   Incoming Energy [0.625, 20000000)
     Total Material
       Flux                                 0.354237 +/- 0.00233268
 Mesh Index (16, 1, 10)
   Incoming Energy [0, 0.625)
     Total Material
       Flux                                 0.370605 +/- 0.00274872
   Incoming Energy [0.625, 20000000)
     Total Material
       Flux                                 0.188835 +/- 0.00160227
 Mesh Index (17, 1, 10)
   Incoming Energy [0, 0.625)
     Total Material
       Flux                                 0.385027 +/- 0.00303109
   Incoming Energy [0.625, 20000000)
     Total Material
       Flux                                 0.112927 +/- 0.00127886
 Mesh Index (18, 1, 10)
   Incoming Energy [0, 0.625)
     Total Material
       Flux                                 0.392754 +/- 0.00325704
   Incoming Energy [0.625, 20000000)
     Total Material
       Flux                                 0.0678371 +/- 0.00108538
 Mesh Index (19, 1, 10)
   Incoming Energy [0, 0.625)
     Total Material
       Flux                                 0.37562 +/- 0.00318655
   Incoming Energy [0.625, 20000000)
     Total Material
       Flux                                 0.0397564 +/- 0.000761806
 Mesh Index (20, 1, 10)
   Incoming Energy [0, 0.625)
     Total Material
       Flux                                 0.338423 +/- 0.00280021
   Incoming Energy [0.625, 20000000)
     Total Material
       Flux                                 0.0224681 +/- 0.000587804
 Mesh Index (21, 1, 10)
   Incoming Energy [0, 0.625)
     Total Material
       Flux                                 0.290178 +/- 0.00264242
   Incoming Energy [0.625, 20000000)
     Total Material
       Flux                                 0.0120338 +/- 0.000386952
 Mesh Index (22, 1, 10)
   Incoming Energy [0, 0.625)
     Total Material
       Flux                                 0.234655 +/- 0.00251142
   Incoming Energy [0.625, 20000000)
     Total Material
       Flux                                 0.00609053 +/- 0.000257279
 Mesh Index (23, 1, 10)
   Incoming Energy [0, 0.625)
     Total Material
       Flux                                 0.179049 +/- 0.0020934
   Incoming Energy [0.625, 20000000)
     Total Material
       Flux                                 0.00291446 +/- 0.000190472
 Mesh Index (24, 1, 10)
   Incoming Energy [0, 0.625)
     Total Material
       Flux                                 0.116172 +/- 0.00139537
   Incoming Energy [0.625, 20000000)
     Total Material
       Flux                                 0.00161958 +/- 0.000136136
 Mesh Index (25, 1, 10)
   Incoming Energy [0, 0.625)
     Total Material
       Flux                                 0.049839 +/- 0.000759024
   Incoming Energy [0.625, 20000000)
     Total Material
       Flux                                 0.000581054 +/- 7.18819e-05
 Mesh Index (1, 1, 11)
   Incoming Energy [0, 0.625)
     Total Material
       Flux                                 0.0231087 +/- 0.000470247
   Incoming Energy [0.625, 20000000)
     Total Material
       Flux                                 0.0617112 +/- 0.000775484
 Mesh Index (2, 1, 11)
   Incoming Energy [0, 0.625)
     Total Material
       Flux                                 0.0712106 +/- 0.000974541
   Incoming Energy [0.625, 20000000)
     Total Material
       Flux                                 0.184078 +/- 0.00155376
 Mesh Index (3, 1, 11)
   Incoming Energy [0, 0.625)
     Total Material
       Flux                                 0.115257 +/- 0.0013284
   Incoming Energy [0.625, 20000000)
     Total Material
       Flux                                 0.303292 +/- 0.00205523
 Mesh Index (4, 1, 11)
   Incoming Energy [0, 0.625)
     Total Material
       Flux                                 0.157413 +/- 0.00134733
   Incoming Energy [0.625, 20000000)
     Total Material
       Flux                                 0.415417 +/- 0.00216607
 Mesh Index (5, 1, 11)
   Incoming Energy [0, 0.625)
     Total Material
       Flux                                 0.197833 +/- 0.00152541
   Incoming Energy [0.625, 20000000)
     Total Material
       Flux                                 0.520935 +/- 0.00235102
 Mesh Index (6, 1, 11)
   Incoming Energy [0, 0.625)
     Total Material
       Flux                                 0.236648 +/- 0.00164235
   Incoming Energy [0.625, 20000000)
     Total Material
       Flux                                 0.617435 +/- 0.00260424
 Mesh Index (7, 1, 11)
   Incoming Energy [0, 0.625)
     Total Material
       Flux                                 0.271095 +/- 0.00178285
   Incoming Energy [0.625, 20000000)
     Total Material
       Flux                                 0.69297 +/- 0.00286144
 Mesh Index (8, 1, 11)
   Incoming Energy [0, 0.625)
     Total Material
       Flux                                 0.298504 +/- 0.00167585
   Incoming Energy [0.625, 20000000)
     Total Material
       Flux                                 0.754419 +/- 0.00305909
 Mesh Index (9, 1, 11)
   Incoming Energy [0, 0.625)
     Total Material
       Flux                                 0.326281 +/- 0.00216977
   Incoming Energy [0.625, 20000000)
     Total Material
       Flux                                 0.794051 +/- 0.00318061
 Mesh Index (10, 1, 11)
   Incoming Energy [0, 0.625)
     Total Material
       Flux                                 0.347393 +/- 0.00210891
   Incoming Energy [0.625, 20000000)
     Total Material
       Flux                                 0.819116 +/- 0.0033212
 Mesh Index (11, 1, 11)
   Incoming Energy [0, 0.625)
     Total Material
       Flux                                 0.367649 +/- 0.00222961
   Incoming Energy [0.625, 20000000)
     Total Material
       Flux                                 0.819113 +/- 0.00314751
 Mesh Index (12, 1, 11)
   Incoming Energy [0, 0.625)
     Total Material
       Flux                                 0.390555 +/- 0.00234858
   Incoming Energy [0.625, 20000000)
     Total Material
       Flux                                 0.782563 +/- 0.00301768
 Mesh Index (13, 1, 11)
   Incoming Energy [0, 0.625)
     Total Material
       Flux                                 0.414581 +/- 0.00247533
   Incoming Energy [0.625, 20000000)
     Total Material
       Flux                                 0.718857 +/- 0.00296714
 Mesh Index (14, 1, 11)
   Incoming Energy [0, 0.625)
     Total Material
       Flux                                 0.452347 +/- 0.00250869
   Incoming Energy [0.625, 20000000)
     Total Material
       Flux                                 0.582914 +/- 0.00281943
 Mesh Index (15, 1, 11)
   Incoming Energy [0, 0.625)
     Total Material
       Flux                                 0.420609 +/- 0.00261195
   Incoming Energy [0.625, 20000000)
     Total Material
       Flux                                 0.358938 +/- 0.00216078
 Mesh Index (16, 1, 11)
   Incoming Energy [0, 0.625)
     Total Material
       Flux                                 0.363898 +/- 0.00269539
   Incoming Energy [0.625, 20000000)
     Total Material
       Flux                                 0.191814 +/- 0.00157821
 Mesh Index (17, 1, 11)
   Incoming Energy [0, 0.625)
     Total Material
       Flux                                 0.376062 +/- 0.00295822
   Incoming Energy [0.625, 20000000)
     Total Material
       Flux                                 0.114257 +/- 0.00126319
 Mesh Index (18, 1, 11)
   Incoming Energy [0, 0.625)
     Total Material
       Flux                                 0.38666 +/- 0.00305581
   Incoming Energy [0.625, 20000000)
     Total Material
       Flux                                 0.0683365 +/- 0.000898047
 Mesh Index (19, 1, 11)
   Incoming Energy [0, 0.625)
     Total Material
       Flux                                 0.366367 +/- 0.00281879
   Incoming Energy [0.625, 20000000)
     Total Material
       Flux                                 0.038334 +/- 0.000732598
 Mesh Index (20, 1, 11)
   Incoming Energy [0, 0.625)
     Total Material
       Flux                                 0.334438 +/- 0.00282141
   Incoming Energy [0.625, 20000000)
     Total Material
       Flux                                 0.0223961 +/- 0.000549166
 Mesh Index (21, 1, 11)
   Incoming Energy [0, 0.625)
     Total Material
       Flux                                 0.28527 +/- 0.00254627
   Incoming Energy [0.625, 20000000)
     Total Material
       Flux                                 0.0119405 +/- 0.000393302
 Mesh Index (22, 1, 11)
   Incoming Energy [0, 0.625)
     Total Material
       Flux                                 0.234539 +/- 0.00211649
   Incoming Energy [0.625, 20000000)
     Total Material
       Flux                                 0.00665113 +/- 0.000297029
 Mesh Index (23, 1, 11)
   Incoming Energy [0, 0.625)
     Total Material
       Flux                                 0.177653 +/- 0.00179141
   Incoming Energy [0.625, 20000000)
     Total Material
       Flux                                 0.00306696 +/- 0.000189033
 Mesh Index (24, 1, 11)
   Incoming Energy [0, 0.625)
     Total Material
       Flux                                 0.117237 +/- 0.00132216
   Incoming Energy [0.625, 20000000)
     Total Material
       Flux                                 0.00155245 +/- 0.00013028
 Mesh Index (25, 1, 11)
   Incoming Energy [0, 0.625)
     Total Material
       Flux                                 0.0506366 +/- 0.000770185
   Incoming Energy [0.625, 20000000)
     Total Material
       Flux                                 0.00065904 +/- 7.97101e-05
 Mesh Index (1, 1, 12)
   Incoming Energy [0, 0.625)
     Total Material
       Flux                                 0.023578 +/- 0.000494281
   Incoming Energy [0.625, 20000000)
     Total Material
       Flux                                 0.062362 +/- 0.000743064
 Mesh Index (2, 1, 12)
   Incoming Energy [0, 0.625)
     Total Material
       Flux                                 0.0713662 +/- 0.000885598
   Incoming Energy [0.625, 20000000)
     Total Material
       Flux                                 0.18558 +/- 0.00148649
 Mesh Index (3, 1, 12)
   Incoming Energy [0, 0.625)
     Total Material
       Flux                                 0.116529 +/- 0.00113086
   Incoming Energy [0.625, 20000000)
     Total Material
       Flux                                 0.305283 +/- 0.00186666
 Mesh Index (4, 1, 12)
   Incoming Energy [0, 0.625)
     Total Material
       Flux                                 0.159481 +/- 0.00138938
   Incoming Energy [0.625, 20000000)
     Total Material
       Flux                                 0.419998 +/- 0.00216658
 Mesh Index (5, 1, 12)
   Incoming Energy [0, 0.625)
     Total Material
       Flux                                 0.200895 +/- 0.00153615
   Incoming Energy [0.625, 20000000)
     Total Material
       Flux                                 0.525111 +/- 0.00233467
 Mesh Index (6, 1, 12)
   Incoming Energy [0, 0.625)
     Total Material
       Flux                                 0.237264 +/- 0.00167201
   Incoming Energy [0.625, 20000000)
     Total Material
       Flux                                 0.623623 +/- 0.00292284
 Mesh Index (7, 1, 12)
   Incoming Energy [0, 0.625)
     Total Material
       Flux                                 0.272278 +/- 0.00167167
   Incoming Energy [0.625, 20000000)
     Total Material
       Flux                                 0.70277 +/- 0.0027724
 Mesh Index (8, 1, 12)
   Incoming Energy [0, 0.625)
     Total Material
       Flux                                 0.300869 +/- 0.00199135
   Incoming Energy [0.625, 20000000)
     Total Material
       Flux                                 0.759338 +/- 0.00300976
 Mesh Index (9, 1, 12)
   Incoming Energy [0, 0.625)
     Total Material
       Flux                                 0.325218 +/- 0.0019347
   Incoming Energy [0.625, 20000000)
     Total Material
       Flux                                 0.802096 +/- 0.00321413
 Mesh Index (10, 1, 12)
   Incoming Energy [0, 0.625)
     Total Material
       Flux                                 0.346327 +/- 0.0017841
   Incoming Energy [0.625, 20000000)
     Total Material
       Flux                                 0.827719 +/- 0.0032513
 Mesh Index (11, 1, 12)
   Incoming Energy [0, 0.625)
     Total Material
       Flux                                 0.36903 +/- 0.00204681
   Incoming Energy [0.625, 20000000)
     Total Material
       Flux                                 0.823216 +/- 0.00347682
 Mesh Index (12, 1, 12)
   Incoming Energy [0, 0.625)
     Total Material
       Flux                                 0.391679 +/- 0.00238407
   Incoming Energy [0.625, 20000000)
     Total Material
       Flux                                 0.78931 +/- 0.00342608
 Mesh Index (13, 1, 12)
   Incoming Energy [0, 0.625)
     Total Material
       Flux                                 0.414446 +/- 0.0024912
   Incoming Energy [0.625, 20000000)
     Total Material
       Flux                                 0.720586 +/- 0.00309444
 Mesh Index (14, 1, 12)
   Incoming Energy [0, 0.625)
     Total Material
       Flux                                 0.451228 +/- 0.00255944
   Incoming Energy [0.625, 20000000)
     Total Material
       Flux                                 0.58089 +/- 0.00265028
 Mesh Index (15, 1, 12)
   Incoming Energy [0, 0.625)
     Total Material
       Flux                                 0.419997 +/- 0.00282362
   Incoming Energy [0.625, 20000000)
     Total Material
       Flux                                 0.356463 +/- 0.00220034
 Mesh Index (16, 1, 12)
   Incoming Energy [0, 0.625)
     Total Material
       Flux                                 0.363769 +/- 0.00255921
   Incoming Energy [0.625, 20000000)
     Total Material
       Flux                                 0.189228 +/- 0.0016082
 Mesh Index (17, 1, 12)
   Incoming Energy [0, 0.625)
     Total Material
       Flux                                 0.375914 +/- 0.00282748
   Incoming Energy [0.625, 20000000)
     Total Material
       Flux                                 0.114581 +/- 0.00124662
 Mesh Index (18, 1, 12)
   Incoming Energy [0, 0.625)
     Total Material
       Flux                                 0.382141 +/- 0.00271346
   Incoming Energy [0.625, 20000000)
     Total Material
       Flux                                 0.0678352 +/- 0.000921238
 Mesh Index (19, 1, 12)
   Incoming Energy [0, 0.625)
     Total Material
       Flux                                 0.36539 +/- 0.00303988
   Incoming Energy [0.625, 20000000)
     Total Material
       Flux                                 0.0381795 +/- 0.000698955
 Mesh Index (20, 1, 12)
   Incoming Energy [0, 0.625)
     Total Material
       Flux                                 0.329985 +/- 0.00285718
   Incoming Energy [0.625, 20000000)
     Total Material
       Flux                                 0.0212975 +/- 0.000531626
 Mesh Index (21, 1, 12)
   Incoming Energy [0, 0.625)
     Total Material
       Flux                                 0.283119 +/- 0.00274836
   Incoming Energy [0.625, 20000000)
     Total Material
       Flux                                 0.0116779 +/- 0.000384048
 Mesh Index (22, 1, 12)
   Incoming Energy [0, 0.625)
     Total Material
       Flux                                 0.231631 +/- 0.00250168
   Incoming Energy [0.625, 20000000)
     Total Material
       Flux                                 0.0063608 +/- 0.000272655
 Mesh Index (23, 1, 12)
   Incoming Energy [0, 0.625)
     Total Material
       Flux                                 0.17599 +/- 0.00197873
   Incoming Energy [0.625, 20000000)
     Total Material
       Flux                                 0.00333724 +/- 0.000204433
 Mesh Index (24, 1, 12)
   Incoming Energy [0, 0.625)
     Total Material
       Flux                                 0.114591 +/- 0.00134808
   Incoming Energy [0.625, 20000000)
     Total Material
       Flux                                 0.00160436 +/- 0.00014103
 Mesh Index (25, 1, 12)
   Incoming Energy [0, 0.625)
     Total Material
       Flux                                 0.0495341 +/- 0.000754106
   Incoming Energy [0.625, 20000000)
     Total Material
       Flux                                 0.000577692 +/- 6.92099e-05
 Mesh Index (1, 1, 13)
   Incoming Energy [0, 0.625)
     Total Material
       Flux                                 0.0235963 +/- 0.00041183
   Incoming Energy [0.625, 20000000)
     Total Material
       Flux                                 0.0633013 +/- 0.000857732
 Mesh Index (2, 1, 13)
   Incoming Energy [0, 0.625)
     Total Material
       Flux                                 0.0715323 +/- 0.00090911
   Incoming Energy [0.625, 20000000)
     Total Material
       Flux                                 0.186276 +/- 0.00155644
 Mesh Index (3, 1, 13)
   Incoming Energy [0, 0.625)
     Total Material
       Flux                                 0.116919 +/- 0.00119579
   Incoming Energy [0.625, 20000000)
     Total Material
       Flux                                 0.308299 +/- 0.0018729
 Mesh Index (4, 1, 13)
   Incoming Energy [0, 0.625)
     Total Material
       Flux                                 0.159435 +/- 0.00131541
   Incoming Energy [0.625, 20000000)
     Total Material
       Flux                                 0.4229 +/- 0.00241556
 Mesh Index (5, 1, 13)
   Incoming Energy [0, 0.625)
     Total Material
       Flux                                 0.199892 +/- 0.00156612
   Incoming Energy [0.625, 20000000)
     Total Material
       Flux                                 0.531054 +/- 0.00237129
 Mesh Index (6, 1, 13)
   Incoming Energy [0, 0.625)
     Total Material
       Flux                                 0.237782 +/- 0.00167252
   Incoming Energy [0.625, 20000000)
     Total Material
       Flux                                 0.627119 +/- 0.00266068
 Mesh Index (7, 1, 13)
   Incoming Energy [0, 0.625)
     Total Material
       Flux                                 0.271419 +/- 0.00192212
   Incoming Energy [0.625, 20000000)
     Total Material
       Flux                                 0.702713 +/- 0.0029317
 Mesh Index (8, 1, 13)
   Incoming Energy [0, 0.625)
     Total Material
       Flux                                 0.299768 +/- 0.00192432
   Incoming Energy [0.625, 20000000)
     Total Material
       Flux                                 0.765254 +/- 0.00303738
 Mesh Index (9, 1, 13)
   Incoming Energy [0, 0.625)
     Total Material
       Flux                                 0.324327 +/- 0.00188371
   Incoming Energy [0.625, 20000000)
     Total Material
       Flux                                 0.809293 +/- 0.00303481
 Mesh Index (10, 1, 13)
   Incoming Energy [0, 0.625)
     Total Material
       Flux                                 0.345658 +/- 0.00213274
   Incoming Energy [0.625, 20000000)
     Total Material
       Flux                                 0.831714 +/- 0.0029519
 Mesh Index (11, 1, 13)
   Incoming Energy [0, 0.625)
     Total Material
       Flux                                 0.36641 +/- 0.00198687
   Incoming Energy [0.625, 20000000)
     Total Material
       Flux                                 0.827991 +/- 0.00318974
 Mesh Index (12, 1, 13)
   Incoming Energy [0, 0.625)
     Total Material
       Flux                                 0.389997 +/- 0.00232321
   Incoming Energy [0.625, 20000000)
     Total Material
       Flux                                 0.791737 +/- 0.00330539
 Mesh Index (13, 1, 13)
   Incoming Energy [0, 0.625)
     Total Material
       Flux                                 0.417588 +/- 0.00245963
   Incoming Energy [0.625, 20000000)
     Total Material
       Flux                                 0.724417 +/- 0.00313739
 Mesh Index (14, 1, 13)
   Incoming Energy [0, 0.625)
     Total Material
       Flux                                 0.445803 +/- 0.00280141
   Incoming Energy [0.625, 20000000)
     Total Material
       Flux                                 0.588057 +/- 0.0027099
 Mesh Index (15, 1, 13)
   Incoming Energy [0, 0.625)
     Total Material
       Flux                                 0.413778 +/- 0.00275586
   Incoming Energy [0.625, 20000000)
     Total Material
       Flux                                 0.356437 +/- 0.00233373
 Mesh Index (16, 1, 13)
   Incoming Energy [0, 0.625)
     Total Material
       Flux                                 0.360081 +/- 0.00276174
   Incoming Energy [0.625, 20000000)
     Total Material
       Flux                                 0.190316 +/- 0.00161401
 Mesh Index (17, 1, 13)
   Incoming Energy [0, 0.625)
     Total Material
       Flux                                 0.372412 +/- 0.00254042
   Incoming Energy [0.625, 20000000)
     Total Material
       Flux                                 0.114081 +/- 0.00117563
 Mesh Index (18, 1, 13)
   Incoming Energy [0, 0.625)
     Total Material
       Flux                                 0.376005 +/- 0.00281709
   Incoming Energy [0.625, 20000000)
     Total Material
       Flux                                 0.0691384 +/- 0.00103113
 Mesh Index (19, 1, 13)
   Incoming Energy [0, 0.625)
     Total Material
       Flux                                 0.361968 +/- 0.00293587
   Incoming Energy [0.625, 20000000)
     Total Material
       Flux                                 0.0394097 +/- 0.000693506
 Mesh Index (20, 1, 13)
   Incoming Energy [0, 0.625)
     Total Material
       Flux                                 0.325603 +/- 0.00283569
   Incoming Energy [0.625, 20000000)
     Total Material
       Flux                                 0.0213163 +/- 0.000503217
 Mesh Index (21, 1, 13)
   Incoming Energy [0, 0.625)
     Total Material
       Flux                                 0.278373 +/- 0.00274835
   Incoming Energy [0.625, 20000000)
     Total Material
       Flux                                 0.0114307 +/- 0.000435812
 Mesh Index (22, 1, 13)
   Incoming Energy [0, 0.625)
     Total Material
       Flux                                 0.228119 +/- 0.00261227
   Incoming Energy [0.625, 20000000)
     Total Material
       Flux                                 0.00599381 +/- 0.000275129
 Mesh Index (23, 1, 13)
   Incoming Energy [0, 0.625)
     Total Material
       Flux                                 0.172932 +/- 0.00229465
   Incoming Energy [0.625, 20000000)
     Total Material
       Flux                                 0.00301315 +/- 0.000176416
 Mesh Index (24, 1, 13)
   Incoming Energy [0, 0.625)
     Total Material
       Flux                                 0.111311 +/- 0.00146299
   Incoming Energy [0.625, 20000000)
     Total Material
       Flux                                 0.00153549 +/- 0.000134845
 Mesh Index (25, 1, 13)
   Incoming Energy [0, 0.625)
     Total Material
       Flux                                 0.0488165 +/- 0.000746405
   Incoming Energy [0.625, 20000000)
     Total Material
       Flux                                 0.000536245 +/- 7.04847e-05
 Mesh Index (1, 1, 14)
   Incoming Energy [0, 0.625)
     Total Material
       Flux                                 0.0241697 +/- 0.000493942
   Incoming Energy [0.625, 20000000)
     Total Material
       Flux                                 0.0634095 +/- 0.000873763
 Mesh Index (2, 1, 14)
   Incoming Energy [0, 0.625)
     Total Material
       Flux                                 0.0719879 +/- 0.000855119
   Incoming Energy [0.625, 20000000)
     Total Material
       Flux                                 0.187556 +/- 0.00144899
 Mesh Index (3, 1, 14)
   Incoming Energy [0, 0.625)
     Total Material
       Flux                                 0.117567 +/- 0.00116273
   Incoming Energy [0.625, 20000000)
     Total Material
       Flux                                 0.308126 +/- 0.00198606
 Mesh Index (4, 1, 14)
   Incoming Energy [0, 0.625)
     Total Material
       Flux                                 0.161135 +/- 0.00145738
   Incoming Energy [0.625, 20000000)
     Total Material
       Flux                                 0.425071 +/- 0.00240823
 Mesh Index (5, 1, 14)
   Incoming Energy [0, 0.625)
     Total Material
       Flux                                 0.199945 +/- 0.00154065
   Incoming Energy [0.625, 20000000)
     Total Material
       Flux                                 0.530565 +/- 0.00274222
 Mesh Index (6, 1, 14)
   Incoming Energy [0, 0.625)
     Total Material
       Flux                                 0.239026 +/- 0.00171333
   Incoming Energy [0.625, 20000000)
     Total Material
       Flux                                 0.628429 +/- 0.00257601
 Mesh Index (7, 1, 14)
   Incoming Energy [0, 0.625)
     Total Material
       Flux                                 0.273387 +/- 0.00207102
   Incoming Energy [0.625, 20000000)
     Total Material
       Flux                                 0.703165 +/- 0.0029254
 Mesh Index (8, 1, 14)
   Incoming Energy [0, 0.625)
     Total Material
       Flux                                 0.300027 +/- 0.00196866
   Incoming Energy [0.625, 20000000)
     Total Material
       Flux                                 0.766256 +/- 0.00312728
 Mesh Index (9, 1, 14)
   Incoming Energy [0, 0.625)
     Total Material
       Flux                                 0.323212 +/- 0.00207942
   Incoming Energy [0.625, 20000000)
     Total Material
       Flux                                 0.810193 +/- 0.00318602
 Mesh Index (10, 1, 14)
   Incoming Energy [0, 0.625)
     Total Material
       Flux                                 0.344567 +/- 0.00214928
   Incoming Energy [0.625, 20000000)
     Total Material
       Flux                                 0.834787 +/- 0.00328417
 Mesh Index (11, 1, 14)
   Incoming Energy [0, 0.625)
     Total Material
       Flux                                 0.365047 +/- 0.00202094
   Incoming Energy [0.625, 20000000)
     Total Material
       Flux                                 0.829197 +/- 0.00320028
 Mesh Index (12, 1, 14)
   Incoming Energy [0, 0.625)
     Total Material
       Flux                                 0.386674 +/- 0.00223896
   Incoming Energy [0.625, 20000000)
     Total Material
       Flux                                 0.795664 +/- 0.00297983
 Mesh Index (13, 1, 14)
   Incoming Energy [0, 0.625)
     Total Material
       Flux                                 0.412305 +/- 0.0025008
   Incoming Energy [0.625, 20000000)
     Total Material
       Flux                                 0.726504 +/- 0.0034815
 Mesh Index (14, 1, 14)
   Incoming Energy [0, 0.625)
     Total Material
       Flux                                 0.449108 +/- 0.00250043
   Incoming Energy [0.625, 20000000)
     Total Material
       Flux                                 0.588503 +/- 0.0032048
 Mesh Index (15, 1, 14)
   Incoming Energy [0, 0.625)
     Total Material
       Flux                                 0.414464 +/- 0.00265455
   Incoming Energy [0.625, 20000000)
     Total Material
       Flux                                 0.359599 +/- 0.00253157
 Mesh Index (16, 1, 14)
   Incoming Energy [0, 0.625)
     Total Material
       Flux                                 0.3599 +/- 0.00270041
   Incoming Energy [0.625, 20000000)
     Total Material
       Flux                                 0.190811 +/- 0.00137911
 Mesh Index (17, 1, 14)
   Incoming Energy [0, 0.625)
     Total Material
       Flux                                 0.367142 +/- 0.00277988
   Incoming Energy [0.625, 20000000)
     Total Material
       Flux                                 0.113463 +/- 0.00109297
 Mesh Index (18, 1, 14)
   Incoming Energy [0, 0.625)
     Total Material
       Flux                                 0.376539 +/- 0.00287703
   Incoming Energy [0.625, 20000000)
     Total Material
       Flux                                 0.0671518 +/- 0.000933499
 Mesh Index (19, 1, 14)
   Incoming Energy [0, 0.625)
     Total Material
       Flux                                 0.355857 +/- 0.00312035
   Incoming Energy [0.625, 20000000)
     Total Material
       Flux                                 0.0383872 +/- 0.000808797
 Mesh Index (20, 1, 14)
   Incoming Energy [0, 0.625)
     Total Material
       Flux                                 0.318822 +/- 0.00295664
   Incoming Energy [0.625, 20000000)
     Total Material
       Flux                                 0.0209919 +/- 0.000487727
 Mesh Index (21, 1, 14)
   Incoming Energy [0, 0.625)
     Total Material
       Flux                                 0.274665 +/- 0.00274774
   Incoming Energy [0.625, 20000000)
     Total Material
       Flux                                 0.0110933 +/- 0.000381502
 Mesh Index (22, 1, 14)
   Incoming Energy [0, 0.625)
     Total Material
       Flux                                 0.22373 +/- 0.00250036
   Incoming Energy [0.625, 20000000)
     Total Material
       Flux                                 0.00611084 +/- 0.000272697
 Mesh Index (23, 1, 14)
   Incoming Energy [0, 0.625)
     Total Material
       Flux                                 0.16922 +/- 0.00203389
   Incoming Energy [0.625, 20000000)
     Total Material
       Flux                                 0.00308774 +/- 0.000170277
 Mesh Index (24, 1, 14)
   Incoming Energy [0, 0.625)
     Total Material
       Flux                                 0.109537 +/- 0.00133297
   Incoming Energy [0.625, 20000000)
     Total Material
       Flux                                 0.00127678 +/- 0.000118547
 Mesh Index (25, 1, 14)
   Incoming Energy [0, 0.625)
     Total Material
       Flux                                 0.0480934 +/- 0.000757673
   Incoming Energy [0.625, 20000000)
     Total Material
       Flux                                 0.000450443 +/- 6.39412e-05
 Mesh Index (1, 1, 15)
   Incoming Energy [0, 0.625)
     Total Material
       Flux                                 0.0241813 +/- 0.000504139
   Incoming Energy [0.625, 20000000)
     Total Material
       Flux                                 0.0633275 +/- 0.000822289
 Mesh Index (2, 1, 15)
   Incoming Energy [0, 0.625)
     Total Material
       Flux                                 0.072088 +/- 0.000912264
   Incoming Energy [0.625, 20000000)
     Total Material
       Flux                                 0.188236 +/- 0.00141093
 Mesh Index (3, 1, 15)
   Incoming Energy [0, 0.625)
     Total Material
       Flux                                 0.117008 +/- 0.00111517
   Incoming Energy [0.625, 20000000)
     Total Material
       Flux                                 0.309995 +/- 0.00183425
 Mesh Index (4, 1, 15)
   Incoming Energy [0, 0.625)
     Total Material
       Flux                                 0.16131 +/- 0.00150222
   Incoming Energy [0.625, 20000000)
     Total Material
       Flux                                 0.424935 +/- 0.00225037
 Mesh Index (5, 1, 15)
   Incoming Energy [0, 0.625)
     Total Material
       Flux                                 0.202392 +/- 0.00168304
   Incoming Energy [0.625, 20000000)
     Total Material
       Flux                                 0.533523 +/- 0.0026546
 Mesh Index (6, 1, 15)
   Incoming Energy [0, 0.625)
     Total Material
       Flux                                 0.239808 +/- 0.00175011
   Incoming Energy [0.625, 20000000)
     Total Material
       Flux                                 0.630964 +/- 0.00273584
 Mesh Index (7, 1, 15)
   Incoming Energy [0, 0.625)
     Total Material
       Flux                                 0.27352 +/- 0.00177725
   Incoming Energy [0.625, 20000000)
     Total Material
       Flux                                 0.710214 +/- 0.00294533
 Mesh Index (8, 1, 15)
   Incoming Energy [0, 0.625)
     Total Material
       Flux                                 0.299793 +/- 0.00186737
   Incoming Energy [0.625, 20000000)
     Total Material
       Flux                                 0.77105 +/- 0.00337614
 Mesh Index (9, 1, 15)
   Incoming Energy [0, 0.625)
     Total Material
       Flux                                 0.32369 +/- 0.0021398
   Incoming Energy [0.625, 20000000)
     Total Material
       Flux                                 0.816323 +/- 0.0036227
 Mesh Index (10, 1, 15)
   Incoming Energy [0, 0.625)
     Total Material
       Flux                                 0.343852 +/- 0.00210458
   Incoming Energy [0.625, 20000000)
     Total Material
       Flux                                 0.837058 +/- 0.00332739
 Mesh Index (11, 1, 15)
   Incoming Energy [0, 0.625)
     Total Material
       Flux                                 0.362154 +/- 0.00201284
   Incoming Energy [0.625, 20000000)
     Total Material
       Flux                                 0.825218 +/- 0.0033409
 Mesh Index (12, 1, 15)
   Incoming Energy [0, 0.625)
     Total Material
       Flux                                 0.386011 +/- 0.00209993
   Incoming Energy [0.625, 20000000)
     Total Material
       Flux                                 0.799194 +/- 0.00351014
 Mesh Index (13, 1, 15)
   Incoming Energy [0, 0.625)
     Total Material
       Flux                                 0.416285 +/- 0.00235704
   Incoming Energy [0.625, 20000000)
     Total Material
       Flux                                 0.725129 +/- 0.00302601
 Mesh Index (14, 1, 15)
   Incoming Energy [0, 0.625)
     Total Material
       Flux                                 0.45257 +/- 0.00272933
   Incoming Energy [0.625, 20000000)
     Total Material
       Flux                                 0.590658 +/- 0.00314402
 Mesh Index (15, 1, 15)
   Incoming Energy [0, 0.625)
     Total Material
       Flux                                 0.415245 +/- 0.00284405
   Incoming Energy [0.625, 20000000)
     Total Material
       Flux                                 0.359878 +/- 0.00219655
 Mesh Index (16, 1, 15)
   Incoming Energy [0, 0.625)
     Total Material
       Flux                                 0.359801 +/- 0.00247212
   Incoming Energy [0.625, 20000000)
     Total Material
       Flux                                 0.193227 +/- 0.00159993
 Mesh Index (17, 1, 15)
   Incoming Energy [0, 0.625)
     Total Material
       Flux                                 0.367949 +/- 0.00298847
   Incoming Energy [0.625, 20000000)
     Total Material
       Flux                                 0.111419 +/- 0.00126582
 Mesh Index (18, 1, 15)
   Incoming Energy [0, 0.625)
     Total Material
       Flux                                 0.376996 +/- 0.00315439
   Incoming Energy [0.625, 20000000)
     Total Material
       Flux                                 0.0668189 +/- 0.000954103
 Mesh Index (19, 1, 15)
   Incoming Energy [0, 0.625)
     Total Material
       Flux                                 0.353378 +/- 0.00309296
   Incoming Energy [0.625, 20000000)
     Total Material
       Flux                                 0.0376626 +/- 0.000752412
 Mesh Index (20, 1, 15)
   Incoming Energy [0, 0.625)
     Total Material
       Flux                                 0.318408 +/- 0.00319683
   Incoming Energy [0.625, 20000000)
     Total Material
       Flux                                 0.0206433 +/- 0.000585287
 Mesh Index (21, 1, 15)
   Incoming Energy [0, 0.625)
     Total Material
       Flux                                 0.271918 +/- 0.00282862
   Incoming Energy [0.625, 20000000)
     Total Material
       Flux                                 0.0113163 +/- 0.000372679
 Mesh Index (22, 1, 15)
   Incoming Energy [0, 0.625)
     Total Material
       Flux                                 0.221579 +/- 0.00227846
   Incoming Energy [0.625, 20000000)
     Total Material
       Flux                                 0.00626503 +/- 0.000264737
 Mesh Index (23, 1, 15)
   Incoming Energy [0, 0.625)
     Total Material
       Flux                                 0.165678 +/- 0.00191068
   Incoming Energy [0.625, 20000000)
     Total Material
       Flux                                 0.00301077 +/- 0.000188684
 Mesh Index (24, 1, 15)
   Incoming Energy [0, 0.625)
     Total Material
       Flux                                 0.107526 +/- 0.00148445
   Incoming Energy [0.625, 20000000)
     Total Material
       Flux                                 0.00161659 +/- 0.000146495
 Mesh Index (25, 1, 15)
   Incoming Energy [0, 0.625)
     Total Material
       Flux                                 0.0458798 +/- 0.000734519
   Incoming Energy [0.625, 20000000)
     Total Material
       Flux                                 0.000570196 +/- 8.28116e-05
 Mesh Index (1, 1, 16)
   Incoming Energy [0, 0.625)
     Total Material
       Flux                                 0.0240548 +/- 0.000494054
   Incoming Energy [0.625, 20000000)
     Total Material
       Flux                                 0.0627282 +/- 0.000712173
 Mesh Index (2, 1, 16)
   Incoming Energy [0, 0.625)
     Total Material
       Flux                                 0.0721868 +/- 0.000917955
   Incoming Energy [0.625, 20000000)
     Total Material
       Flux                                 0.188522 +/- 0.00149856
 Mesh Index (3, 1, 16)
   Incoming Energy [0, 0.625)
     Total Material
       Flux                                 0.116995 +/- 0.00108387
   Incoming Energy [0.625, 20000000)
     Total Material
       Flux                                 0.310714 +/- 0.00191461
 Mesh Index (4, 1, 16)
   Incoming Energy [0, 0.625)
     Total Material
       Flux                                 0.162111 +/- 0.00134143
   Incoming Energy [0.625, 20000000)
     Total Material
       Flux                                 0.424729 +/- 0.00222476
 Mesh Index (5, 1, 16)
   Incoming Energy [0, 0.625)
     Total Material
       Flux                                 0.203558 +/- 0.00160411
   Incoming Energy [0.625, 20000000)
     Total Material
       Flux                                 0.535499 +/- 0.00275134
 Mesh Index (6, 1, 16)
   Incoming Energy [0, 0.625)
     Total Material
       Flux                                 0.239309 +/- 0.00158746
   Incoming Energy [0.625, 20000000)
     Total Material
       Flux                                 0.630257 +/- 0.0027967
 Mesh Index (7, 1, 16)
   Incoming Energy [0, 0.625)
     Total Material
       Flux                                 0.272612 +/- 0.00201535
   Incoming Energy [0.625, 20000000)
     Total Material
       Flux                                 0.712577 +/- 0.00299312
 Mesh Index (8, 1, 16)
   Incoming Energy [0, 0.625)
     Total Material
       Flux                                 0.300846 +/- 0.00201842
   Incoming Energy [0.625, 20000000)
     Total Material
       Flux                                 0.771412 +/- 0.00313826
 Mesh Index (9, 1, 16)
   Incoming Energy [0, 0.625)
     Total Material
       Flux                                 0.323356 +/- 0.00211941
   Incoming Energy [0.625, 20000000)
     Total Material
       Flux                                 0.81908 +/- 0.00330888
 Mesh Index (10, 1, 16)
   Incoming Energy [0, 0.625)
     Total Material
       Flux                                 0.343772 +/- 0.00207294
   Incoming Energy [0.625, 20000000)
     Total Material
       Flux                                 0.83684 +/- 0.00346462
 Mesh Index (11, 1, 16)
   Incoming Energy [0, 0.625)
     Total Material
       Flux                                 0.362716 +/- 0.00198784
   Incoming Energy [0.625, 20000000)
     Total Material
       Flux                                 0.828474 +/- 0.00324118
 Mesh Index (12, 1, 16)
   Incoming Energy [0, 0.625)
     Total Material
       Flux                                 0.384785 +/- 0.00216755
   Incoming Energy [0.625, 20000000)
     Total Material
       Flux                                 0.794103 +/- 0.0030787
 Mesh Index (13, 1, 16)
   Incoming Energy [0, 0.625)
     Total Material
       Flux                                 0.412006 +/- 0.00224993
   Incoming Energy [0.625, 20000000)
     Total Material
       Flux                                 0.729241 +/- 0.00314766
 Mesh Index (14, 1, 16)
   Incoming Energy [0, 0.625)
     Total Material
       Flux                                 0.448897 +/- 0.00283364
   Incoming Energy [0.625, 20000000)
     Total Material
       Flux                                 0.591867 +/- 0.00293207
 Mesh Index (15, 1, 16)
   Incoming Energy [0, 0.625)
     Total Material
       Flux                                 0.410436 +/- 0.00280633
   Incoming Energy [0.625, 20000000)
     Total Material
       Flux                                 0.358251 +/- 0.00217104
 Mesh Index (16, 1, 16)
   Incoming Energy [0, 0.625)
     Total Material
       Flux                                 0.354576 +/- 0.00258493
   Incoming Energy [0.625, 20000000)
     Total Material
       Flux                                 0.191054 +/- 0.00179441
 Mesh Index (17, 1, 16)
   Incoming Energy [0, 0.625)
     Total Material
       Flux                                 0.362925 +/- 0.00283886
   Incoming Energy [0.625, 20000000)
     Total Material
       Flux                                 0.110388 +/- 0.00128822
 Mesh Index (18, 1, 16)
   Incoming Energy [0, 0.625)
     Total Material
       Flux                                 0.371312 +/- 0.00296877
   Incoming Energy [0.625, 20000000)
     Total Material
       Flux                                 0.065696 +/- 0.000908136
 Mesh Index (19, 1, 16)
   Incoming Energy [0, 0.625)
     Total Material
       Flux                                 0.353563 +/- 0.00321181
   Incoming Energy [0.625, 20000000)
     Total Material
       Flux                                 0.0372195 +/- 0.000706119
 Mesh Index (20, 1, 16)
   Incoming Energy [0, 0.625)
     Total Material
       Flux                                 0.314374 +/- 0.00320093
   Incoming Energy [0.625, 20000000)
     Total Material
       Flux                                 0.0200371 +/- 0.000492334
 Mesh Index (21, 1, 16)
   Incoming Energy [0, 0.625)
     Total Material
       Flux                                 0.268817 +/- 0.00276365
   Incoming Energy [0.625, 20000000)
     Total Material
       Flux                                 0.0110468 +/- 0.000358478
 Mesh Index (22, 1, 16)
   Incoming Energy [0, 0.625)
     Total Material
       Flux                                 0.215244 +/- 0.00241112
   Incoming Energy [0.625, 20000000)
     Total Material
       Flux                                 0.00566005 +/- 0.000244641
 Mesh Index (23, 1, 16)
   Incoming Energy [0, 0.625)
     Total Material
       Flux                                 0.161639 +/- 0.00198285
   Incoming Energy [0.625, 20000000)
     Total Material
       Flux                                 0.00308964 +/- 0.000192611
 Mesh Index (24, 1, 16)
   Incoming Energy [0, 0.625)
     Total Material
       Flux                                 0.106713 +/- 0.00135892
   Incoming Energy [0.625, 20000000)
     Total Material
       Flux                                 0.00146018 +/- 0.000134301
 Mesh Index (25, 1, 16)
   Incoming Energy [0, 0.625)
     Total Material
       Flux                                 0.0455082 +/- 0.00074874
   Incoming Energy [0.625, 20000000)
     Total Material
       Flux                                 0.000479993 +/- 6.59617e-05
 Mesh Index (1, 1, 17)
   Incoming Energy [0, 0.625)
     Total Material
       Flux                                 0.0250223 +/- 0.000501401
   Incoming Energy [0.625, 20000000)
     Total Material
       Flux                                 0.0628141 +/- 0.000779396
 Mesh Index (2, 1, 17)
   Incoming Energy [0, 0.625)
     Total Material
       Flux                                 0.0714814 +/- 0.000967699
   Incoming Energy [0.625, 20000000)
     Total Material
       Flux                                 0.189845 +/- 0.00146223
 Mesh Index (3, 1, 17)
   Incoming Energy [0, 0.625)
     Total Material
       Flux                                 0.117648 +/- 0.00131621
   Incoming Energy [0.625, 20000000)
     Total Material
       Flux                                 0.311256 +/- 0.001866
 Mesh Index (4, 1, 17)
   Incoming Energy [0, 0.625)
     Total Material
       Flux                                 0.163328 +/- 0.00136344
   Incoming Energy [0.625, 20000000)
     Total Material
       Flux                                 0.425317 +/- 0.00217813
 Mesh Index (5, 1, 17)
   Incoming Energy [0, 0.625)
     Total Material
       Flux                                 0.202669 +/- 0.00164555
   Incoming Energy [0.625, 20000000)
     Total Material
       Flux                                 0.53594 +/- 0.00262056
 Mesh Index (6, 1, 17)
   Incoming Energy [0, 0.625)
     Total Material
       Flux                                 0.241478 +/- 0.00172359
   Incoming Energy [0.625, 20000000)
     Total Material
       Flux                                 0.631165 +/- 0.00273031
 Mesh Index (7, 1, 17)
   Incoming Energy [0, 0.625)
     Total Material
       Flux                                 0.271062 +/- 0.00183534
   Incoming Energy [0.625, 20000000)
     Total Material
       Flux                                 0.710884 +/- 0.00311151
 Mesh Index (8, 1, 17)
   Incoming Energy [0, 0.625)
     Total Material
       Flux                                 0.300012 +/- 0.00201838
   Incoming Energy [0.625, 20000000)
     Total Material
       Flux                                 0.775402 +/- 0.0033189
 Mesh Index (9, 1, 17)
   Incoming Energy [0, 0.625)
     Total Material
       Flux                                 0.323358 +/- 0.00202854
   Incoming Energy [0.625, 20000000)
     Total Material
       Flux                                 0.81491 +/- 0.00344838
 Mesh Index (10, 1, 17)
   Incoming Energy [0, 0.625)
     Total Material
       Flux                                 0.346957 +/- 0.00193395
   Incoming Energy [0.625, 20000000)
     Total Material
       Flux                                 0.832902 +/- 0.00323561
 Mesh Index (11, 1, 17)
   Incoming Energy [0, 0.625)
     Total Material
       Flux                                 0.363418 +/- 0.00225963
   Incoming Energy [0.625, 20000000)
     Total Material
       Flux                                 0.828572 +/- 0.00293867
 Mesh Index (12, 1, 17)
   Incoming Energy [0, 0.625)
     Total Material
       Flux                                 0.384888 +/- 0.00211839
   Incoming Energy [0.625, 20000000)
     Total Material
       Flux                                 0.791941 +/- 0.00297288
 Mesh Index (13, 1, 17)
   Incoming Energy [0, 0.625)
     Total Material
       Flux                                 0.413943 +/- 0.00228863
   Incoming Energy [0.625, 20000000)
     Total Material
       Flux                                 0.731667 +/- 0.00314757
 Mesh Index (14, 1, 17)
   Incoming Energy [0, 0.625)
     Total Material
       Flux                                 0.450545 +/- 0.00270059
   Incoming Energy [0.625, 20000000)
     Total Material
       Flux                                 0.591376 +/- 0.00297883
 Mesh Index (15, 1, 17)
   Incoming Energy [0, 0.625)
     Total Material
       Flux                                 0.415421 +/- 0.00259267
   Incoming Energy [0.625, 20000000)
     Total Material
       Flux                                 0.359416 +/- 0.00227664
 Mesh Index (16, 1, 17)
   Incoming Energy [0, 0.625)
     Total Material
       Flux                                 0.356627 +/- 0.00246427
   Incoming Energy [0.625, 20000000)
     Total Material
       Flux                                 0.193747 +/- 0.00170554
 Mesh Index (17, 1, 17)
   Incoming Energy [0, 0.625)
     Total Material
       Flux                                 0.363203 +/- 0.00273488
   Incoming Energy [0.625, 20000000)
     Total Material
       Flux                                 0.112587 +/- 0.00118831
 Mesh Index (18, 1, 17)
   Incoming Energy [0, 0.625)
     Total Material
       Flux                                 0.370934 +/- 0.00288759
   Incoming Energy [0.625, 20000000)
     Total Material
       Flux                                 0.066278 +/- 0.000996291
 Mesh Index (19, 1, 17)
   Incoming Energy [0, 0.625)
     Total Material
       Flux                                 0.353147 +/- 0.00309849
   Incoming Energy [0.625, 20000000)
     Total Material
       Flux                                 0.0369881 +/- 0.000690915
 Mesh Index (20, 1, 17)
   Incoming Energy [0, 0.625)
     Total Material
       Flux                                 0.312596 +/- 0.0030456
   Incoming Energy [0.625, 20000000)
     Total Material
       Flux                                 0.0203244 +/- 0.000556709
 Mesh Index (21, 1, 17)
   Incoming Energy [0, 0.625)
     Total Material
       Flux                                 0.266588 +/- 0.00281972
   Incoming Energy [0.625, 20000000)
     Total Material
       Flux                                 0.0106382 +/- 0.000356126
 Mesh Index (22, 1, 17)
   Incoming Energy [0, 0.625)
     Total Material
       Flux                                 0.212971 +/- 0.00241446
   Incoming Energy [0.625, 20000000)
     Total Material
       Flux                                 0.00566273 +/- 0.000241475
 Mesh Index (23, 1, 17)
   Incoming Energy [0, 0.625)
     Total Material
       Flux                                 0.157663 +/- 0.00183828
   Incoming Energy [0.625, 20000000)
     Total Material
       Flux                                 0.00304184 +/- 0.000190527
 Mesh Index (24, 1, 17)
   Incoming Energy [0, 0.625)
     Total Material
       Flux                                 0.103401 +/- 0.00125892
   Incoming Energy [0.625, 20000000)
     Total Material
       Flux                                 0.00144855 +/- 0.00013985
 Mesh Index (25, 1, 17)
   Incoming Energy [0, 0.625)
     Total Material
       Flux                                 0.0450887 +/- 0.000809026
   Incoming Energy [0.625, 20000000)
     Total Material
       Flux                                 0.000425356 +/- 5.88157e-05
 Mesh Index (1, 1, 18)
   Incoming Energy [0, 0.625)
     Total Material
       Flux                                 0.0239472 +/- 0.000469424
   Incoming Energy [0.625, 20000000)
     Total Material
       Flux                                 0.0637032 +/- 0.000755684
 Mesh Index (2, 1, 18)
   Incoming Energy [0, 0.625)
     Total Material
       Flux                                 0.07113 +/- 0.000952751
   Incoming Energy [0.625, 20000000)
     Total Material
       Flux                                 0.190071 +/- 0.00157508
 Mesh Index (3, 1, 18)
   Incoming Energy [0, 0.625)
     Total Material
       Flux                                 0.117669 +/- 0.0013056
   Incoming Energy [0.625, 20000000)
     Total Material
       Flux                                 0.309238 +/- 0.00204005
 Mesh Index (4, 1, 18)
   Incoming Energy [0, 0.625)
     Total Material
       Flux                                 0.162932 +/- 0.00145624
   Incoming Energy [0.625, 20000000)
     Total Material
       Flux                                 0.425592 +/- 0.00220112
 Mesh Index (5, 1, 18)
   Incoming Energy [0, 0.625)
     Total Material
       Flux                                 0.202899 +/- 0.00161419
   Incoming Energy [0.625, 20000000)
     Total Material
       Flux                                 0.536035 +/- 0.00258527
 Mesh Index (6, 1, 18)
   Incoming Energy [0, 0.625)
     Total Material
       Flux                                 0.239971 +/- 0.00181718
   Incoming Energy [0.625, 20000000)
     Total Material
       Flux                                 0.630211 +/- 0.00288181
 Mesh Index (7, 1, 18)
   Incoming Energy [0, 0.625)
     Total Material
       Flux                                 0.272086 +/- 0.001857
   Incoming Energy [0.625, 20000000)
     Total Material
       Flux                                 0.713329 +/- 0.00316385
 Mesh Index (8, 1, 18)
   Incoming Energy [0, 0.625)
     Total Material
       Flux                                 0.295812 +/- 0.00174373
   Incoming Energy [0.625, 20000000)
     Total Material
       Flux                                 0.771833 +/- 0.00320028
 Mesh Index (9, 1, 18)
   Incoming Energy [0, 0.625)
     Total Material
       Flux                                 0.321435 +/- 0.00202841
   Incoming Energy [0.625, 20000000)
     Total Material
       Flux                                 0.815047 +/- 0.00299194
 Mesh Index (10, 1, 18)
   Incoming Energy [0, 0.625)
     Total Material
       Flux                                 0.342204 +/- 0.0021913
   Incoming Energy [0.625, 20000000)
     Total Material
       Flux                                 0.829087 +/- 0.00311228
 Mesh Index (11, 1, 18)
   Incoming Energy [0, 0.625)
     Total Material
       Flux                                 0.364157 +/- 0.00212113
   Incoming Energy [0.625, 20000000)
     Total Material
       Flux                                 0.824943 +/- 0.0030607
 Mesh Index (12, 1, 18)
   Incoming Energy [0, 0.625)
     Total Material
       Flux                                 0.385336 +/- 0.00217598
   Incoming Energy [0.625, 20000000)
     Total Material
       Flux                                 0.790727 +/- 0.00313691
 Mesh Index (13, 1, 18)
   Incoming Energy [0, 0.625)
     Total Material
       Flux                                 0.415097 +/- 0.00240388
   Incoming Energy [0.625, 20000000)
     Total Material
       Flux                                 0.729529 +/- 0.00315536
 Mesh Index (14, 1, 18)
   Incoming Energy [0, 0.625)
     Total Material
       Flux                                 0.451425 +/- 0.00278693
   Incoming Energy [0.625, 20000000)
     Total Material
       Flux                                 0.592409 +/- 0.00299872
 Mesh Index (15, 1, 18)
   Incoming Energy [0, 0.625)
     Total Material
       Flux                                 0.413414 +/- 0.00295887
   Incoming Energy [0.625, 20000000)
     Total Material
       Flux                                 0.358315 +/- 0.00239597
 Mesh Index (16, 1, 18)
   Incoming Energy [0, 0.625)
     Total Material
       Flux                                 0.355792 +/- 0.00246268
   Incoming Energy [0.625, 20000000)
     Total Material
       Flux                                 0.191249 +/- 0.00164767
 Mesh Index (17, 1, 18)
   Incoming Energy [0, 0.625)
     Total Material
       Flux                                 0.364152 +/- 0.00273996
   Incoming Energy [0.625, 20000000)
     Total Material
       Flux                                 0.112559 +/- 0.00118185
 Mesh Index (18, 1, 18)
   Incoming Energy [0, 0.625)
     Total Material
       Flux                                 0.368044 +/- 0.00271989
   Incoming Energy [0.625, 20000000)
     Total Material
       Flux                                 0.066204 +/- 0.000967961
 Mesh Index (19, 1, 18)
   Incoming Energy [0, 0.625)
     Total Material
       Flux                                 0.34861 +/- 0.00314437
   Incoming Energy [0.625, 20000000)
     Total Material
       Flux                                 0.0370954 +/- 0.000708761
 Mesh Index (20, 1, 18)
   Incoming Energy [0, 0.625)
     Total Material
       Flux                                 0.313069 +/- 0.00305443
   Incoming Energy [0.625, 20000000)
     Total Material
       Flux                                 0.0197064 +/- 0.000514967
 Mesh Index (21, 1, 18)
   Incoming Energy [0, 0.625)
     Total Material
       Flux                                 0.263122 +/- 0.00273552
   Incoming Energy [0.625, 20000000)
     Total Material
       Flux                                 0.0108343 +/- 0.000367382
 Mesh Index (22, 1, 18)
   Incoming Energy [0, 0.625)
     Total Material
       Flux                                 0.213391 +/- 0.00242229
   Incoming Energy [0.625, 20000000)
     Total Material
       Flux                                 0.00555123 +/- 0.000267555
 Mesh Index (23, 1, 18)
   Incoming Energy [0, 0.625)
     Total Material
       Flux                                 0.158275 +/- 0.00183878
   Incoming Energy [0.625, 20000000)
     Total Material
       Flux                                 0.00269408 +/- 0.000160105
 Mesh Index (24, 1, 18)
   Incoming Energy [0, 0.625)
     Total Material
       Flux                                 0.102897 +/- 0.00122139
   Incoming Energy [0.625, 20000000)
     Total Material
       Flux                                 0.0014594 +/- 0.000129721
 Mesh Index (25, 1, 18)
   Incoming Energy [0, 0.625)
     Total Material
       Flux                                 0.0441318 +/- 0.000778432
   Incoming Energy [0.625, 20000000)
     Total Material
       Flux                                 0.00042367 +/- 5.91636e-05
 Mesh Index (1, 1, 19)
   Incoming Energy [0, 0.625)
     Total Material
       Flux                                 0.0236049 +/- 0.000515739
   Incoming Energy [0.625, 20000000)
     Total Material
       Flux                                 0.0638521 +/- 0.000765398
 Mesh Index (2, 1, 19)
   Incoming Energy [0, 0.625)
     Total Material
       Flux                                 0.070826 +/- 0.00103198
   Incoming Energy [0.625, 20000000)
     Total Material
       Flux                                 0.191283 +/- 0.00172851
 Mesh Index (3, 1, 19)
   Incoming Energy [0, 0.625)
     Total Material
       Flux                                 0.118191 +/- 0.00125769
   Incoming Energy [0.625, 20000000)
     Total Material
       Flux                                 0.312903 +/- 0.00208502
 Mesh Index (4, 1, 19)
   Incoming Energy [0, 0.625)
     Total Material
       Flux                                 0.159959 +/- 0.00147787
   Incoming Energy [0.625, 20000000)
     Total Material
       Flux                                 0.426268 +/- 0.00207645
 Mesh Index (5, 1, 19)
   Incoming Energy [0, 0.625)
     Total Material
       Flux                                 0.201747 +/- 0.00161024
   Incoming Energy [0.625, 20000000)
     Total Material
       Flux                                 0.534422 +/- 0.00247831
 Mesh Index (6, 1, 19)
   Incoming Energy [0, 0.625)
     Total Material
       Flux                                 0.238583 +/- 0.00166966
   Incoming Energy [0.625, 20000000)
     Total Material
       Flux                                 0.627955 +/- 0.00281069
 Mesh Index (7, 1, 19)
   Incoming Energy [0, 0.625)
     Total Material
       Flux                                 0.268509 +/- 0.00178523
   Incoming Energy [0.625, 20000000)
     Total Material
       Flux                                 0.707913 +/- 0.00305608
 Mesh Index (8, 1, 19)
   Incoming Energy [0, 0.625)
     Total Material
       Flux                                 0.297254 +/- 0.00190762
   Incoming Energy [0.625, 20000000)
     Total Material
       Flux                                 0.760964 +/- 0.00314302
 Mesh Index (9, 1, 19)
   Incoming Energy [0, 0.625)
     Total Material
       Flux                                 0.319236 +/- 0.00204311
   Incoming Energy [0.625, 20000000)
     Total Material
       Flux                                 0.806577 +/- 0.00335959
 Mesh Index (10, 1, 19)
   Incoming Energy [0, 0.625)
     Total Material
       Flux                                 0.343567 +/- 0.00206142
   Incoming Energy [0.625, 20000000)
     Total Material
       Flux                                 0.824459 +/- 0.00300344
 Mesh Index (11, 1, 19)
   Incoming Energy [0, 0.625)
     Total Material
       Flux                                 0.364801 +/- 0.00213992
   Incoming Energy [0.625, 20000000)
     Total Material
       Flux                                 0.821411 +/- 0.00322896
 Mesh Index (12, 1, 19)
   Incoming Energy [0, 0.625)
     Total Material
       Flux                                 0.386341 +/- 0.00227119
   Incoming Energy [0.625, 20000000)
     Total Material
       Flux                                 0.787934 +/- 0.00317451
 Mesh Index (13, 1, 19)
   Incoming Energy [0, 0.625)
     Total Material
       Flux                                 0.414066 +/- 0.00238491
   Incoming Energy [0.625, 20000000)
     Total Material
       Flux                                 0.726306 +/- 0.00277559
 Mesh Index (14, 1, 19)
   Incoming Energy [0, 0.625)
     Total Material
       Flux                                 0.444783 +/- 0.00271281
   Incoming Energy [0.625, 20000000)
     Total Material
       Flux                                 0.588471 +/- 0.00268779
 Mesh Index (15, 1, 19)
   Incoming Energy [0, 0.625)
     Total Material
       Flux                                 0.410272 +/- 0.00276615
   Incoming Energy [0.625, 20000000)
     Total Material
       Flux                                 0.355409 +/- 0.00212292
 Mesh Index (16, 1, 19)
   Incoming Energy [0, 0.625)
     Total Material
       Flux                                 0.355826 +/- 0.00249373
   Incoming Energy [0.625, 20000000)
     Total Material
       Flux                                 0.190443 +/- 0.00163463
 Mesh Index (17, 1, 19)
   Incoming Energy [0, 0.625)
     Total Material
       Flux                                 0.361903 +/- 0.00277245
   Incoming Energy [0.625, 20000000)
     Total Material
       Flux                                 0.113656 +/- 0.00116344
 Mesh Index (18, 1, 19)
   Incoming Energy [0, 0.625)
     Total Material
       Flux                                 0.363895 +/- 0.00278419
   Incoming Energy [0.625, 20000000)
     Total Material
       Flux                                 0.0671738 +/- 0.000885967
 Mesh Index (19, 1, 19)
   Incoming Energy [0, 0.625)
     Total Material
       Flux                                 0.345114 +/- 0.00276569
   Incoming Energy [0.625, 20000000)
     Total Material
       Flux                                 0.0370957 +/- 0.000628456
 Mesh Index (20, 1, 19)
   Incoming Energy [0, 0.625)
     Total Material
       Flux                                 0.310356 +/- 0.00302454
   Incoming Energy [0.625, 20000000)
     Total Material
       Flux                                 0.0200404 +/- 0.000522325
 Mesh Index (21, 1, 19)
   Incoming Energy [0, 0.625)
     Total Material
       Flux                                 0.264196 +/- 0.00283447
   Incoming Energy [0.625, 20000000)
     Total Material
       Flux                                 0.0108549 +/- 0.000370835
 Mesh Index (22, 1, 19)
   Incoming Energy [0, 0.625)
     Total Material
       Flux                                 0.211299 +/- 0.00243464
   Incoming Energy [0.625, 20000000)
     Total Material
       Flux                                 0.00544769 +/- 0.000281387
 Mesh Index (23, 1, 19)
   Incoming Energy [0, 0.625)
     Total Material
       Flux                                 0.158046 +/- 0.00203957
   Incoming Energy [0.625, 20000000)
     Total Material
       Flux                                 0.00278143 +/- 0.000183796
 Mesh Index (24, 1, 19)
   Incoming Energy [0, 0.625)
     Total Material
       Flux                                 0.101703 +/- 0.00144339
   Incoming Energy [0.625, 20000000)
     Total Material
       Flux                                 0.00139136 +/- 0.000132324
 Mesh Index (25, 1, 19)
   Incoming Energy [0, 0.625)
     Total Material
       Flux                                 0.0441259 +/- 0.00082369
   Incoming Energy [0.625, 20000000)
     Total Material
       Flux                                 0.00044298 +/- 7.06408e-05
 Mesh Index (1, 1, 20)
   Incoming Energy [0, 0.625)
     Total Material
       Flux                                 0.0235525 +/- 0.000504394
   Incoming Energy [0.625, 20000000)
     Total Material
       Flux                                 0.063394 +/- 0.000796307
 Mesh Index (2, 1, 20)
   Incoming Energy [0, 0.625)
     Total Material
       Flux                                 0.0711178 +/- 0.000894025
   Incoming Energy [0.625, 20000000)
     Total Material
       Flux                                 0.190486 +/- 0.00158542
 Mesh Index (3, 1, 20)
   Incoming Energy [0, 0.625)
     Total Material
       Flux                                 0.116711 +/- 0.00125035
   Incoming Energy [0.625, 20000000)
     Total Material
       Flux                                 0.313117 +/- 0.00181308
 Mesh Index (4, 1, 20)
   Incoming Energy [0, 0.625)
     Total Material
       Flux                                 0.162741 +/- 0.00151871
   Incoming Energy [0.625, 20000000)
     Total Material
       Flux                                 0.428724 +/- 0.00238615
 Mesh Index (5, 1, 20)
   Incoming Energy [0, 0.625)
     Total Material
       Flux                                 0.201674 +/- 0.00166413
   Incoming Energy [0.625, 20000000)
     Total Material
       Flux                                 0.530861 +/- 0.00251352
 Mesh Index (6, 1, 20)
   Incoming Energy [0, 0.625)
     Total Material
       Flux                                 0.237401 +/- 0.00163406
   Incoming Energy [0.625, 20000000)
     Total Material
       Flux                                 0.626567 +/- 0.00275857
 Mesh Index (7, 1, 20)
   Incoming Energy [0, 0.625)
     Total Material
       Flux                                 0.26949 +/- 0.00184032
   Incoming Energy [0.625, 20000000)
     Total Material
       Flux                                 0.702657 +/- 0.00310914
 Mesh Index (8, 1, 20)
   Incoming Energy [0, 0.625)
     Total Material
       Flux                                 0.2966 +/- 0.00181937
   Incoming Energy [0.625, 20000000)
     Total Material
       Flux                                 0.759337 +/- 0.00319713
 Mesh Index (9, 1, 20)
   Incoming Energy [0, 0.625)
     Total Material
       Flux                                 0.320329 +/- 0.00205375
   Incoming Energy [0.625, 20000000)
     Total Material
       Flux                                 0.803688 +/- 0.00320973
 Mesh Index (10, 1, 20)
   Incoming Energy [0, 0.625)
     Total Material
       Flux                                 0.342907 +/- 0.00189572
   Incoming Energy [0.625, 20000000)
     Total Material
       Flux                                 0.822729 +/- 0.00314074
 Mesh Index (11, 1, 20)
   Incoming Energy [0, 0.625)
     Total Material
       Flux                                 0.363985 +/- 0.00207278
   Incoming Energy [0.625, 20000000)
     Total Material
       Flux                                 0.821847 +/- 0.00306313
 Mesh Index (12, 1, 20)
   Incoming Energy [0, 0.625)
     Total Material
       Flux                                 0.387622 +/- 0.002214
   Incoming Energy [0.625, 20000000)
     Total Material
       Flux                                 0.78571 +/- 0.00324656
 Mesh Index (13, 1, 20)
   Incoming Energy [0, 0.625)
     Total Material
       Flux                                 0.411833 +/- 0.00230985
   Incoming Energy [0.625, 20000000)
     Total Material
       Flux                                 0.724711 +/- 0.00314448
 Mesh Index (14, 1, 20)
   Incoming Energy [0, 0.625)
     Total Material
       Flux                                 0.443048 +/- 0.00277227
   Incoming Energy [0.625, 20000000)
     Total Material
       Flux                                 0.582646 +/- 0.00284099
 Mesh Index (15, 1, 20)
   Incoming Energy [0, 0.625)
     Total Material
       Flux                                 0.406639 +/- 0.00262588
   Incoming Energy [0.625, 20000000)
     Total Material
       Flux                                 0.357389 +/- 0.00226285
 Mesh Index (16, 1, 20)
   Incoming Energy [0, 0.625)
     Total Material
       Flux                                 0.350214 +/- 0.00277912
   Incoming Energy [0.625, 20000000)
     Total Material
       Flux                                 0.190131 +/- 0.00150333
 Mesh Index (17, 1, 20)
   Incoming Energy [0, 0.625)
     Total Material
       Flux                                 0.358167 +/- 0.00303983
   Incoming Energy [0.625, 20000000)
     Total Material
       Flux                                 0.112895 +/- 0.00114038
 Mesh Index (18, 1, 20)
   Incoming Energy [0, 0.625)
     Total Material
       Flux                                 0.36069 +/- 0.00284846
   Incoming Energy [0.625, 20000000)
     Total Material
       Flux                                 0.067067 +/- 0.000835599
 Mesh Index (19, 1, 20)
   Incoming Energy [0, 0.625)
     Total Material
       Flux                                 0.340014 +/- 0.00296118
   Incoming Energy [0.625, 20000000)
     Total Material
       Flux                                 0.0382258 +/- 0.000654002
 Mesh Index (20, 1, 20)
   Incoming Energy [0, 0.625)
     Total Material
       Flux                                 0.30599 +/- 0.00283792
   Incoming Energy [0.625, 20000000)
     Total Material
       Flux                                 0.0205626 +/- 0.000455512
 Mesh Index (21, 1, 20)
   Incoming Energy [0, 0.625)
     Total Material
       Flux                                 0.260806 +/- 0.00268546
   Incoming Energy [0.625, 20000000)
     Total Material
       Flux                                 0.0111389 +/- 0.000322218
 Mesh Index (22, 1, 20)
   Incoming Energy [0, 0.625)
     Total Material
       Flux                                 0.208839 +/- 0.00238419
   Incoming Energy [0.625, 20000000)
     Total Material
       Flux                                 0.00572189 +/- 0.000285753
 Mesh Index (23, 1, 20)
   Incoming Energy [0, 0.625)
     Total Material
       Flux                                 0.159357 +/- 0.00189031
   Incoming Energy [0.625, 20000000)
     Total Material
       Flux                                 0.00303805 +/- 0.000186932
 Mesh Index (24, 1, 20)
   Incoming Energy [0, 0.625)
     Total Material
       Flux                                 0.100784 +/- 0.00135879
   Incoming Energy [0.625, 20000000)
     Total Material
       Flux                                 0.00160756 +/- 0.000154443
 Mesh Index (25, 1, 20)
   Incoming Energy [0, 0.625)
     Total Material
       Flux                                 0.0437482 +/- 0.000717109
   Incoming Energy [0.625, 20000000)
     Total Material
       Flux                                 0.000576711 +/- 7.29442e-05
 Mesh Index (1, 1, 21)
   Incoming Energy [0, 0.625)
     Total Material
       Flux                                 0.0234496 +/- 0.000452442
   Incoming Energy [0.625, 20000000)
     Total Material
       Flux                                 0.0634258 +/- 0.00083185
 Mesh Index (2, 1, 21)
   Incoming Energy [0, 0.625)
     Total Material
       Flux                                 0.0707295 +/- 0.000921987
   Incoming Energy [0.625, 20000000)
     Total Material
       Flux                                 0.189004 +/- 0.0015018
 Mesh Index (3, 1, 21)
   Incoming Energy [0, 0.625)
     Total Material
       Flux                                 0.118015 +/- 0.0012277
   Incoming Energy [0.625, 20000000)
     Total Material
       Flux                                 0.313886 +/- 0.00198661
 Mesh Index (4, 1, 21)
   Incoming Energy [0, 0.625)
     Total Material
       Flux                                 0.16178 +/- 0.00153094
   Incoming Energy [0.625, 20000000)
     Total Material
       Flux                                 0.426325 +/- 0.00221106
 Mesh Index (5, 1, 21)
   Incoming Energy [0, 0.625)
     Total Material
       Flux                                 0.202767 +/- 0.00179831
   Incoming Energy [0.625, 20000000)
     Total Material
       Flux                                 0.529496 +/- 0.00256288
 Mesh Index (6, 1, 21)
   Incoming Energy [0, 0.625)
     Total Material
       Flux                                 0.237777 +/- 0.00166971
   Incoming Energy [0.625, 20000000)
     Total Material
       Flux                                 0.623835 +/- 0.00261866
 Mesh Index (7, 1, 21)
   Incoming Energy [0, 0.625)
     Total Material
       Flux                                 0.26797 +/- 0.0018116
   Incoming Energy [0.625, 20000000)
     Total Material
       Flux                                 0.699012 +/- 0.00292426
 Mesh Index (8, 1, 21)
   Incoming Energy [0, 0.625)
     Total Material
       Flux                                 0.294299 +/- 0.00191167
   Incoming Energy [0.625, 20000000)
     Total Material
       Flux                                 0.75998 +/- 0.00303673
 Mesh Index (9, 1, 21)
   Incoming Energy [0, 0.625)
     Total Material
       Flux                                 0.318994 +/- 0.00180802
   Incoming Energy [0.625, 20000000)
     Total Material
       Flux                                 0.799925 +/- 0.00311629
 Mesh Index (10, 1, 21)
   Incoming Energy [0, 0.625)
     Total Material
       Flux                                 0.341373 +/- 0.00197861
   Incoming Energy [0.625, 20000000)
     Total Material
       Flux                                 0.818399 +/- 0.00298582
 Mesh Index (11, 1, 21)
   Incoming Energy [0, 0.625)
     Total Material
       Flux                                 0.362701 +/- 0.0019744
   Incoming Energy [0.625, 20000000)
     Total Material
       Flux                                 0.815991 +/- 0.00325223
 Mesh Index (12, 1, 21)
   Incoming Energy [0, 0.625)
     Total Material
       Flux                                 0.383531 +/- 0.00203922
   Incoming Energy [0.625, 20000000)
     Total Material
       Flux                                 0.783072 +/- 0.00324437
 Mesh Index (13, 1, 21)
   Incoming Energy [0, 0.625)
     Total Material
       Flux                                 0.410216 +/- 0.00228482
   Incoming Energy [0.625, 20000000)
     Total Material
       Flux                                 0.717426 +/- 0.00295821
 Mesh Index (14, 1, 21)
   Incoming Energy [0, 0.625)
     Total Material
       Flux                                 0.44158 +/- 0.00295216
   Incoming Energy [0.625, 20000000)
     Total Material
       Flux                                 0.577581 +/- 0.00284626
 Mesh Index (15, 1, 21)
   Incoming Energy [0, 0.625)
     Total Material
       Flux                                 0.405561 +/- 0.00296911
   Incoming Energy [0.625, 20000000)
     Total Material
       Flux                                 0.355613 +/- 0.00198401
 Mesh Index (16, 1, 21)
   Incoming Energy [0, 0.625)
     Total Material
       Flux                                 0.347023 +/- 0.00298959
   Incoming Energy [0.625, 20000000)
     Total Material
       Flux                                 0.187582 +/- 0.00148526
 Mesh Index (17, 1, 21)
   Incoming Energy [0, 0.625)
     Total Material
       Flux                                 0.358648 +/- 0.00312647
   Incoming Energy [0.625, 20000000)
     Total Material
       Flux                                 0.112256 +/- 0.00109609
 Mesh Index (18, 1, 21)
   Incoming Energy [0, 0.625)
     Total Material
       Flux                                 0.36028 +/- 0.00286934
   Incoming Energy [0.625, 20000000)
     Total Material
       Flux                                 0.0675723 +/- 0.000858445
 Mesh Index (19, 1, 21)
   Incoming Energy [0, 0.625)
     Total Material
       Flux                                 0.336964 +/- 0.00272407
   Incoming Energy [0.625, 20000000)
     Total Material
       Flux                                 0.0385179 +/- 0.000719698
 Mesh Index (20, 1, 21)
   Incoming Energy [0, 0.625)
     Total Material
       Flux                                 0.300208 +/- 0.00284863
   Incoming Energy [0.625, 20000000)
     Total Material
       Flux                                 0.0206563 +/- 0.000492338
 Mesh Index (21, 1, 21)
   Incoming Energy [0, 0.625)
     Total Material
       Flux                                 0.256995 +/- 0.0024978
   Incoming Energy [0.625, 20000000)
     Total Material
       Flux                                 0.011077 +/- 0.000336468
 Mesh Index (22, 1, 21)
   Incoming Energy [0, 0.625)
     Total Material
       Flux                                 0.20702 +/- 0.0023341
   Incoming Energy [0.625, 20000000)
     Total Material
       Flux                                 0.00575658 +/- 0.000264766
 Mesh Index (23, 1, 21)
   Incoming Energy [0, 0.625)
     Total Material
       Flux                                 0.157266 +/- 0.0020295
   Incoming Energy [0.625, 20000000)
     Total Material
       Flux                                 0.00316798 +/- 0.000181761
 Mesh Index (24, 1, 21)
   Incoming Energy [0, 0.625)
     Total Material
       Flux                                 0.100163 +/- 0.00135145
   Incoming Energy [0.625, 20000000)
     Total Material
       Flux                                 0.00145678 +/- 0.000129568
 Mesh Index (25, 1, 21)
   Incoming Energy [0, 0.625)
     Total Material
       Flux                                 0.0428301 +/- 0.000726618
   Incoming Energy [0.625, 20000000)
     Total Material
       Flux                                 0.000691138 +/- 8.75731e-05
 Mesh Index (1, 1, 22)
   Incoming Energy [0, 0.625)
     Total Material
       Flux                                 0.0233988 +/- 0.000479674
   Incoming Energy [0.625, 20000000)
     Total Material
       Flux                                 0.0630851 +/- 0.000777358
 Mesh Index (2, 1, 22)
   Incoming Energy [0, 0.625)
     Total Material
       Flux                                 0.0718951 +/- 0.000967688
   Incoming Energy [0.625, 20000000)
     Total Material
       Flux                                 0.188288 +/- 0.0014299
 Mesh Index (3, 1, 22)
   Incoming Energy [0, 0.625)
     Total Material
       Flux                                 0.117544 +/- 0.00128887
   Incoming Energy [0.625, 20000000)
     Total Material
       Flux                                 0.309079 +/- 0.00192826
 Mesh Index (4, 1, 22)
   Incoming Energy [0, 0.625)
     Total Material
       Flux                                 0.160343 +/- 0.00158289
   Incoming Energy [0.625, 20000000)
     Total Material
       Flux                                 0.421945 +/- 0.00231984
 Mesh Index (5, 1, 22)
   Incoming Energy [0, 0.625)
     Total Material
       Flux                                 0.20152 +/- 0.00165312
   Incoming Energy [0.625, 20000000)
     Total Material
       Flux                                 0.526243 +/- 0.00262857
 Mesh Index (6, 1, 22)
   Incoming Energy [0, 0.625)
     Total Material
       Flux                                 0.236324 +/- 0.00173599
   Incoming Energy [0.625, 20000000)
     Total Material
       Flux                                 0.617648 +/- 0.00248641
 Mesh Index (7, 1, 22)
   Incoming Energy [0, 0.625)
     Total Material
       Flux                                 0.266194 +/- 0.00199878
   Incoming Energy [0.625, 20000000)
     Total Material
       Flux                                 0.692728 +/- 0.00281301
 Mesh Index (8, 1, 22)
   Incoming Energy [0, 0.625)
     Total Material
       Flux                                 0.292298 +/- 0.00195835
   Incoming Energy [0.625, 20000000)
     Total Material
       Flux                                 0.756469 +/- 0.00287117
 Mesh Index (9, 1, 22)
   Incoming Energy [0, 0.625)
     Total Material
       Flux                                 0.318389 +/- 0.00206152
   Incoming Energy [0.625, 20000000)
     Total Material
       Flux                                 0.792903 +/- 0.00335348
 Mesh Index (10, 1, 22)
   Incoming Energy [0, 0.625)
     Total Material
       Flux                                 0.340123 +/- 0.00195748
   Incoming Energy [0.625, 20000000)
     Total Material
       Flux                                 0.8175 +/- 0.00301755
 Mesh Index (11, 1, 22)
   Incoming Energy [0, 0.625)
     Total Material
       Flux                                 0.361727 +/- 0.00197747
   Incoming Energy [0.625, 20000000)
     Total Material
       Flux                                 0.814954 +/- 0.00300728
 Mesh Index (12, 1, 22)
   Incoming Energy [0, 0.625)
     Total Material
       Flux                                 0.381584 +/- 0.00216316
   Incoming Energy [0.625, 20000000)
     Total Material
       Flux                                 0.779188 +/- 0.00302761
 Mesh Index (13, 1, 22)
   Incoming Energy [0, 0.625)
     Total Material
       Flux                                 0.407615 +/- 0.00230975
   Incoming Energy [0.625, 20000000)
     Total Material
       Flux                                 0.710503 +/- 0.0028074
 Mesh Index (14, 1, 22)
   Incoming Energy [0, 0.625)
     Total Material
       Flux                                 0.440208 +/- 0.00268986
   Incoming Energy [0.625, 20000000)
     Total Material
       Flux                                 0.577254 +/- 0.00274545
 Mesh Index (15, 1, 22)
   Incoming Energy [0, 0.625)
     Total Material
       Flux                                 0.403568 +/- 0.00319921
   Incoming Energy [0.625, 20000000)
     Total Material
       Flux                                 0.352071 +/- 0.0020467
 Mesh Index (16, 1, 22)
   Incoming Energy [0, 0.625)
     Total Material
       Flux                                 0.348981 +/- 0.0028141
   Incoming Energy [0.625, 20000000)
     Total Material
       Flux                                 0.187793 +/- 0.00147015
 Mesh Index (17, 1, 22)
   Incoming Energy [0, 0.625)
     Total Material
       Flux                                 0.352637 +/- 0.00268239
   Incoming Energy [0.625, 20000000)
     Total Material
       Flux                                 0.111261 +/- 0.00117401
 Mesh Index (18, 1, 22)
   Incoming Energy [0, 0.625)
     Total Material
       Flux                                 0.359017 +/- 0.00285792
   Incoming Energy [0.625, 20000000)
     Total Material
       Flux                                 0.0665563 +/- 0.000874578
 Mesh Index (19, 1, 22)
   Incoming Energy [0, 0.625)
     Total Material
       Flux                                 0.334274 +/- 0.00297917
   Incoming Energy [0.625, 20000000)
     Total Material
       Flux                                 0.0387669 +/- 0.000663356
 Mesh Index (20, 1, 22)
   Incoming Energy [0, 0.625)
     Total Material
       Flux                                 0.296587 +/- 0.00269537
   Incoming Energy [0.625, 20000000)
     Total Material
       Flux                                 0.020542 +/- 0.000541875
 Mesh Index (21, 1, 22)
   Incoming Energy [0, 0.625)
     Total Material
       Flux                                 0.255884 +/- 0.0024248
   Incoming Energy [0.625, 20000000)
     Total Material
       Flux                                 0.0108512 +/- 0.000391634
 Mesh Index (22, 1, 22)
   Incoming Energy [0, 0.625)
     Total Material
       Flux                                 0.206486 +/- 0.00218926
   Incoming Energy [0.625, 20000000)
     Total Material
       Flux                                 0.00529105 +/- 0.000260152
 Mesh Index (23, 1, 22)
   Incoming Energy [0, 0.625)
     Total Material
       Flux                                 0.153967 +/- 0.00176919
   Incoming Energy [0.625, 20000000)
     Total Material
       Flux                                 0.00317398 +/- 0.00021809
 Mesh Index (24, 1, 22)
   Incoming Energy [0, 0.625)
     Total Material
       Flux                                 0.0990622 +/- 0.00130503
   Incoming Energy [0.625, 20000000)
     Total Material
       Flux                                 0.00137248 +/- 0.00012991
 Mesh Index (25, 1, 22)
   Incoming Energy [0, 0.625)
     Total Material
       Flux                                 0.0433386 +/- 0.000782159
   Incoming Energy [0.625, 20000000)
     Total Material
       Flux                                 0.000587103 +/- 7.6798e-05
 Mesh Index (1, 1, 23)
   Incoming Energy [0, 0.625)
     Total Material
       Flux                                 0.0228457 +/- 0.000463587
   Incoming Energy [0.625, 20000000)
     Total Material
       Flux                                 0.0628097 +/- 0.000688387
 Mesh Index (2, 1, 23)
   Incoming Energy [0, 0.625)
     Total Material
       Flux                                 0.0696607 +/- 0.000892275
   Incoming Energy [0.625, 20000000)
     Total Material
       Flux                                 0.18977 +/- 0.00156788
 Mesh Index (3, 1, 23)
   Incoming Energy [0, 0.625)
     Total Material
       Flux                                 0.117387 +/- 0.00122467
   Incoming Energy [0.625, 20000000)
     Total Material
       Flux                                 0.30808 +/- 0.00194558
 Mesh Index (4, 1, 23)
   Incoming Energy [0, 0.625)
     Total Material
       Flux                                 0.158818 +/- 0.00158061
   Incoming Energy [0.625, 20000000)
     Total Material
       Flux                                 0.417552 +/- 0.00244743
 Mesh Index (5, 1, 23)
   Incoming Energy [0, 0.625)
     Total Material
       Flux                                 0.200252 +/- 0.00179583
   Incoming Energy [0.625, 20000000)
     Total Material
       Flux                                 0.522505 +/- 0.00275743
 Mesh Index (6, 1, 23)
   Incoming Energy [0, 0.625)
     Total Material
       Flux                                 0.2319 +/- 0.0018034
   Incoming Energy [0.625, 20000000)
     Total Material
       Flux                                 0.613814 +/- 0.00262856
 Mesh Index (7, 1, 23)
   Incoming Energy [0, 0.625)
     Total Material
       Flux                                 0.264039 +/- 0.00184181
   Incoming Energy [0.625, 20000000)
     Total Material
       Flux                                 0.688837 +/- 0.00273989
 Mesh Index (8, 1, 23)
   Incoming Energy [0, 0.625)
     Total Material
       Flux                                 0.290213 +/- 0.00213436
   Incoming Energy [0.625, 20000000)
     Total Material
       Flux                                 0.748816 +/- 0.00311056
 Mesh Index (9, 1, 23)
   Incoming Energy [0, 0.625)
     Total Material
       Flux                                 0.315107 +/- 0.00200816
   Incoming Energy [0.625, 20000000)
     Total Material
       Flux                                 0.791429 +/- 0.00325591
 Mesh Index (10, 1, 23)
   Incoming Energy [0, 0.625)
     Total Material
       Flux                                 0.336873 +/- 0.0019939
   Incoming Energy [0.625, 20000000)
     Total Material
       Flux                                 0.809686 +/- 0.00350751
 Mesh Index (11, 1, 23)
   Incoming Energy [0, 0.625)
     Total Material
       Flux                                 0.357544 +/- 0.00215784
   Incoming Energy [0.625, 20000000)
     Total Material
       Flux                                 0.803692 +/- 0.00312761
 Mesh Index (12, 1, 23)
   Incoming Energy [0, 0.625)
     Total Material
       Flux                                 0.377442 +/- 0.00214503
   Incoming Energy [0.625, 20000000)
     Total Material
       Flux                                 0.770695 +/- 0.00295138
 Mesh Index (13, 1, 23)
   Incoming Energy [0, 0.625)
     Total Material
       Flux                                 0.402548 +/- 0.00246162
   Incoming Energy [0.625, 20000000)
     Total Material
       Flux                                 0.702915 +/- 0.00278761
 Mesh Index (14, 1, 23)
   Incoming Energy [0, 0.625)
     Total Material
       Flux                                 0.436303 +/- 0.00295462
   Incoming Energy [0.625, 20000000)
     Total Material
       Flux                                 0.570228 +/- 0.00276331
 Mesh Index (15, 1, 23)
   Incoming Energy [0, 0.625)
     Total Material
       Flux                                 0.401475 +/- 0.00277406
   Incoming Energy [0.625, 20000000)
     Total Material
       Flux                                 0.34766 +/- 0.00206977
 Mesh Index (16, 1, 23)
   Incoming Energy [0, 0.625)
     Total Material
       Flux                                 0.34364 +/- 0.00266335
   Incoming Energy [0.625, 20000000)
     Total Material
       Flux                                 0.187162 +/- 0.00139196
 Mesh Index (17, 1, 23)
   Incoming Energy [0, 0.625)
     Total Material
       Flux                                 0.3531 +/- 0.00270106
   Incoming Energy [0.625, 20000000)
     Total Material
       Flux                                 0.111578 +/- 0.00113009
 Mesh Index (18, 1, 23)
   Incoming Energy [0, 0.625)
     Total Material
       Flux                                 0.357576 +/- 0.00282439
   Incoming Energy [0.625, 20000000)
     Total Material
       Flux                                 0.0660075 +/- 0.000956279
 Mesh Index (19, 1, 23)
   Incoming Energy [0, 0.625)
     Total Material
       Flux                                 0.330868 +/- 0.00289182
   Incoming Energy [0.625, 20000000)
     Total Material
       Flux                                 0.0367724 +/- 0.000734522
 Mesh Index (20, 1, 23)
   Incoming Energy [0, 0.625)
     Total Material
       Flux                                 0.296088 +/- 0.00247334
   Incoming Energy [0.625, 20000000)
     Total Material
       Flux                                 0.0205262 +/- 0.000564897
 Mesh Index (21, 1, 23)
   Incoming Energy [0, 0.625)
     Total Material
       Flux                                 0.251486 +/- 0.00257387
   Incoming Energy [0.625, 20000000)
     Total Material
       Flux                                 0.0108029 +/- 0.000390104
 Mesh Index (22, 1, 23)
   Incoming Energy [0, 0.625)
     Total Material
       Flux                                 0.204333 +/- 0.00202847
   Incoming Energy [0.625, 20000000)
     Total Material
       Flux                                 0.00519413 +/- 0.000237759
 Mesh Index (23, 1, 23)
   Incoming Energy [0, 0.625)
     Total Material
       Flux                                 0.150602 +/- 0.0018379
   Incoming Energy [0.625, 20000000)
     Total Material
       Flux                                 0.0028341 +/- 0.000187791
 Mesh Index (24, 1, 23)
   Incoming Energy [0, 0.625)
     Total Material
       Flux                                 0.0982461 +/- 0.00126554
   Incoming Energy [0.625, 20000000)
     Total Material
       Flux                                 0.00141344 +/- 0.000126879
 Mesh Index (25, 1, 23)
   Incoming Energy [0, 0.625)
     Total Material
       Flux                                 0.0431587 +/- 0.000820934
   Incoming Energy [0.625, 20000000)
     Total Material
       Flux                                 0.000527033 +/- 7.46562e-05
 Mesh Index (1, 1, 24)
   Incoming Energy [0, 0.625)
     Total Material
       Flux                                 0.0236599 +/- 0.000457706
   Incoming Energy [0.625, 20000000)
     Total Material
       Flux                                 0.062597 +/- 0.000758403
 Mesh Index (2, 1, 24)
   Incoming Energy [0, 0.625)
     Total Material
       Flux                                 0.0694785 +/- 0.000915115
   Incoming Energy [0.625, 20000000)
     Total Material
       Flux                                 0.187947 +/- 0.00149967
 Mesh Index (3, 1, 24)
   Incoming Energy [0, 0.625)
     Total Material
       Flux                                 0.114747 +/- 0.00131566
   Incoming Energy [0.625, 20000000)
     Total Material
       Flux                                 0.30562 +/- 0.00192852
 Mesh Index (4, 1, 24)
   Incoming Energy [0, 0.625)
     Total Material
       Flux                                 0.156566 +/- 0.00143998
   Incoming Energy [0.625, 20000000)
     Total Material
       Flux                                 0.41296 +/- 0.0022388
 Mesh Index (5, 1, 24)
   Incoming Energy [0, 0.625)
     Total Material
       Flux                                 0.196484 +/- 0.00159141
   Incoming Energy [0.625, 20000000)
     Total Material
       Flux                                 0.520422 +/- 0.0027079
 Mesh Index (6, 1, 24)
   Incoming Energy [0, 0.625)
     Total Material
       Flux                                 0.232742 +/- 0.00166966
   Incoming Energy [0.625, 20000000)
     Total Material
       Flux                                 0.60935 +/- 0.00295992
 Mesh Index (7, 1, 24)
   Incoming Energy [0, 0.625)
     Total Material
       Flux                                 0.262805 +/- 0.00169699
   Incoming Energy [0.625, 20000000)
     Total Material
       Flux                                 0.687344 +/- 0.00284878
 Mesh Index (8, 1, 24)
   Incoming Energy [0, 0.625)
     Total Material
       Flux                                 0.287924 +/- 0.00193069
   Incoming Energy [0.625, 20000000)
     Total Material
       Flux                                 0.745987 +/- 0.00291453
 Mesh Index (9, 1, 24)
   Incoming Energy [0, 0.625)
     Total Material
       Flux                                 0.313448 +/- 0.00194151
   Incoming Energy [0.625, 20000000)
     Total Material
       Flux                                 0.785273 +/- 0.00313914
 Mesh Index (10, 1, 24)
   Incoming Energy [0, 0.625)
     Total Material
       Flux                                 0.332831 +/- 0.00196991
   Incoming Energy [0.625, 20000000)
     Total Material
       Flux                                 0.802622 +/- 0.00328361
 Mesh Index (11, 1, 24)
   Incoming Energy [0, 0.625)
     Total Material
       Flux                                 0.352967 +/- 0.00210895
   Incoming Energy [0.625, 20000000)
     Total Material
       Flux                                 0.795717 +/- 0.0029756
 Mesh Index (12, 1, 24)
   Incoming Energy [0, 0.625)
     Total Material
       Flux                                 0.373832 +/- 0.00230489
   Incoming Energy [0.625, 20000000)
     Total Material
       Flux                                 0.759966 +/- 0.00303461
 Mesh Index (13, 1, 24)
   Incoming Energy [0, 0.625)
     Total Material
       Flux                                 0.397188 +/- 0.00250496
   Incoming Energy [0.625, 20000000)
     Total Material
       Flux                                 0.696444 +/- 0.0027868
 Mesh Index (14, 1, 24)
   Incoming Energy [0, 0.625)
     Total Material
       Flux                                 0.431715 +/- 0.0027931
   Incoming Energy [0.625, 20000000)
     Total Material
       Flux                                 0.565941 +/- 0.00292035
 Mesh Index (15, 1, 24)
   Incoming Energy [0, 0.625)
     Total Material
       Flux                                 0.396229 +/- 0.00257444
   Incoming Energy [0.625, 20000000)
     Total Material
       Flux                                 0.345446 +/- 0.00242009
 Mesh Index (16, 1, 24)
   Incoming Energy [0, 0.625)
     Total Material
       Flux                                 0.341128 +/- 0.00250558
   Incoming Energy [0.625, 20000000)
     Total Material
       Flux                                 0.185351 +/- 0.0014486
 Mesh Index (17, 1, 24)
   Incoming Energy [0, 0.625)
     Total Material
       Flux                                 0.349498 +/- 0.00296434
   Incoming Energy [0.625, 20000000)
     Total Material
       Flux                                 0.110104 +/- 0.00112524
 Mesh Index (18, 1, 24)
   Incoming Energy [0, 0.625)
     Total Material
       Flux                                 0.350807 +/- 0.00281873
   Incoming Energy [0.625, 20000000)
     Total Material
       Flux                                 0.0653482 +/- 0.000975333
 Mesh Index (19, 1, 24)
   Incoming Energy [0, 0.625)
     Total Material
       Flux                                 0.325228 +/- 0.00272606
   Incoming Energy [0.625, 20000000)
     Total Material
       Flux                                 0.0374132 +/- 0.000676612
 Mesh Index (20, 1, 24)
   Incoming Energy [0, 0.625)
     Total Material
       Flux                                 0.292273 +/- 0.00256673
   Incoming Energy [0.625, 20000000)
     Total Material
       Flux                                 0.0202514 +/- 0.000551141
 Mesh Index (21, 1, 24)
   Incoming Energy [0, 0.625)
     Total Material
       Flux                                 0.251002 +/- 0.00253072
   Incoming Energy [0.625, 20000000)
     Total Material
       Flux                                 0.0106465 +/- 0.00036466
 Mesh Index (22, 1, 24)
   Incoming Energy [0, 0.625)
     Total Material
       Flux                                 0.198913 +/- 0.00182255
   Incoming Energy [0.625, 20000000)
     Total Material
       Flux                                 0.00570879 +/- 0.000265361
 Mesh Index (23, 1, 24)
   Incoming Energy [0, 0.625)
     Total Material
       Flux                                 0.149347 +/- 0.00169458
   Incoming Energy [0.625, 20000000)
     Total Material
       Flux                                 0.00292948 +/- 0.000213798
 Mesh Index (24, 1, 24)
   Incoming Energy [0, 0.625)
     Total Material
       Flux                                 0.0956087 +/- 0.00129416
   Incoming Energy [0.625, 20000000)
     Total Material
       Flux                                 0.00147162 +/- 0.000143451
 Mesh Index (25, 1, 24)
   Incoming Energy [0, 0.625)
     Total Material
       Flux                                 0.0426127 +/- 0.000769928
   Incoming Energy [0.625, 20000000)
     Total Material
       Flux                                 0.00043645 +/- 7.01933e-05
 Mesh Index (1, 1, 25)
   Incoming Energy [0, 0.625)
     Total Material
       Flux                                 0.022867 +/- 0.000465496
   Incoming Energy [0.625, 20000000)
     Total Material
       Flux                                 0.0613778 +/- 0.00075852
 Mesh Index (2, 1, 25)
   Incoming Energy [0, 0.625)
     Total Material
       Flux                                 0.0702777 +/- 0.000981357
   Incoming Energy [0.625, 20000000)
     Total Material
       Flux                                 0.185467 +/- 0.00153443
 Mesh Index (3, 1, 25)
   Incoming Energy [0, 0.625)
     Total Material
       Flux                                 0.113437 +/- 0.00123929
   Incoming Energy [0.625, 20000000)
     Total Material
       Flux                                 0.305649 +/- 0.00191633
 Mesh Index (4, 1, 25)
   Incoming Energy [0, 0.625)
     Total Material
       Flux                                 0.155656 +/- 0.00143468
   Incoming Energy [0.625, 20000000)
     Total Material
       Flux                                 0.411879 +/- 0.00227278
 Mesh Index (5, 1, 25)
   Incoming Energy [0, 0.625)
     Total Material
       Flux                                 0.194367 +/- 0.00175627
   Incoming Energy [0.625, 20000000)
     Total Material
       Flux                                 0.515386 +/- 0.00276468
 Mesh Index (6, 1, 25)
   Incoming Energy [0, 0.625)
     Total Material
       Flux                                 0.228639 +/- 0.00186109
   Incoming Energy [0.625, 20000000)
     Total Material
       Flux                                 0.60217 +/- 0.0029508
 Mesh Index (7, 1, 25)
   Incoming Energy [0, 0.625)
     Total Material
       Flux                                 0.259319 +/- 0.00167513
   Incoming Energy [0.625, 20000000)
     Total Material
       Flux                                 0.676824 +/- 0.00317014
 Mesh Index (8, 1, 25)
   Incoming Energy [0, 0.625)
     Total Material
       Flux                                 0.285071 +/- 0.00192564
   Incoming Energy [0.625, 20000000)
     Total Material
       Flux                                 0.73984 +/- 0.00301011
 Mesh Index (9, 1, 25)
   Incoming Energy [0, 0.625)
     Total Material
       Flux                                 0.30959 +/- 0.002149
   Incoming Energy [0.625, 20000000)
     Total Material
       Flux                                 0.78021 +/- 0.00311995
 Mesh Index (10, 1, 25)
   Incoming Energy [0, 0.625)
     Total Material
       Flux                                 0.331725 +/- 0.00206602
   Incoming Energy [0.625, 20000000)
     Total Material
       Flux                                 0.79359 +/- 0.00335125
 Mesh Index (11, 1, 25)
   Incoming Energy [0, 0.625)
     Total Material
       Flux                                 0.346564 +/- 0.00194006
   Incoming Energy [0.625, 20000000)
     Total Material
       Flux                                 0.788306 +/- 0.00331683
 Mesh Index (12, 1, 25)
   Incoming Energy [0, 0.625)
     Total Material
       Flux                                 0.368948 +/- 0.00215673
   Incoming Energy [0.625, 20000000)
     Total Material
       Flux                                 0.757501 +/- 0.00310912
 Mesh Index (13, 1, 25)
   Incoming Energy [0, 0.625)
     Total Material
       Flux                                 0.391948 +/- 0.00230017
   Incoming Energy [0.625, 20000000)
     Total Material
       Flux                                 0.691245 +/- 0.00278799
 Mesh Index (14, 1, 25)
   Incoming Energy [0, 0.625)
     Total Material
       Flux                                 0.427044 +/- 0.00260592
   Incoming Energy [0.625, 20000000)
     Total Material
       Flux                                 0.563073 +/- 0.00286633
 Mesh Index (15, 1, 25)
   Incoming Energy [0, 0.625)
     Total Material
       Flux                                 0.394738 +/- 0.0026864
   Incoming Energy [0.625, 20000000)
     Total Material
       Flux                                 0.342393 +/- 0.00227578
 Mesh Index (16, 1, 25)
   Incoming Energy [0, 0.625)
     Total Material
       Flux                                 0.34231 +/- 0.00249072
   Incoming Energy [0.625, 20000000)
     Total Material
       Flux                                 0.185186 +/- 0.00171077
 Mesh Index (17, 1, 25)
   Incoming Energy [0, 0.625)
     Total Material
       Flux                                 0.344406 +/- 0.00282901
   Incoming Energy [0.625, 20000000)
     Total Material
       Flux                                 0.110225 +/- 0.00123159
 Mesh Index (18, 1, 25)
   Incoming Energy [0, 0.625)
     Total Material
       Flux                                 0.345897 +/- 0.00312417
   Incoming Energy [0.625, 20000000)
     Total Material
       Flux                                 0.0641811 +/- 0.000897649
 Mesh Index (19, 1, 25)
   Incoming Energy [0, 0.625)
     Total Material
       Flux                                 0.321071 +/- 0.00282284
   Incoming Energy [0.625, 20000000)
     Total Material
       Flux                                 0.0362344 +/- 0.000716943
 Mesh Index (20, 1, 25)
   Incoming Energy [0, 0.625)
     Total Material
       Flux                                 0.287912 +/- 0.00267885
   Incoming Energy [0.625, 20000000)
     Total Material
       Flux                                 0.0195393 +/- 0.000496855
 Mesh Index (21, 1, 25)
   Incoming Energy [0, 0.625)
     Total Material
       Flux                                 0.245884 +/- 0.00225582
   Incoming Energy [0.625, 20000000)
     Total Material
       Flux                                 0.010656 +/- 0.0003792
 Mesh Index (22, 1, 25)
   Incoming Energy [0, 0.625)
     Total Material
       Flux                                 0.197362 +/- 0.00193589
   Incoming Energy [0.625, 20000000)
     Total Material
       Flux                                 0.00601894 +/- 0.000290307
 Mesh Index (23, 1, 25)
   Incoming Energy [0, 0.625)
     Total Material
       Flux                                 0.14641 +/- 0.00174324
   Incoming Energy [0.625, 20000000)
     Total Material
       Flux                                 0.00296476 +/- 0.00019948
 Mesh Index (24, 1, 25)
   Incoming Energy [0, 0.625)
     Total Material
       Flux                                 0.0963607 +/- 0.00145626
   Incoming Energy [0.625, 20000000)
     Total Material
       Flux                                 0.00133765 +/- 0.000119047
 Mesh Index (25, 1, 25)
   Incoming Energy [0, 0.625)
     Total Material
       Flux                                 0.0422966 +/- 0.000824212
   Incoming Energy [0.625, 20000000)
     Total Material
       Flux                                 0.000483159 +/- 6.44857e-05
 Mesh Index (1, 1, 26)
   Incoming Energy [0, 0.625)
     Total Material
       Flux                                 0.0230348 +/- 0.000473453
   Incoming Energy [0.625, 20000000)
     Total Material
       Flux                                 0.0598202 +/- 0.000807605
 Mesh Index (2, 1, 26)
   Incoming Energy [0, 0.625)
     Total Material
       Flux                                 0.0676779 +/- 0.000955901
   Incoming Energy [0.625, 20000000)
     Total Material
       Flux                                 0.182576 +/- 0.00156088
 Mesh Index (3, 1, 26)
   Incoming Energy [0, 0.625)
     Total Material
       Flux                                 0.112315 +/- 0.00115861
   Incoming Energy [0.625, 20000000)
     Total Material
       Flux                                 0.301213 +/- 0.00201641
 Mesh Index (4, 1, 26)
   Incoming Energy [0, 0.625)
     Total Material
       Flux                                 0.154164 +/- 0.00132388
   Incoming Energy [0.625, 20000000)
     Total Material
       Flux                                 0.407474 +/- 0.00240498
 Mesh Index (5, 1, 26)
   Incoming Energy [0, 0.625)
     Total Material
       Flux                                 0.192484 +/- 0.00177221
   Incoming Energy [0.625, 20000000)
     Total Material
       Flux                                 0.507674 +/- 0.00269611
 Mesh Index (6, 1, 26)
   Incoming Energy [0, 0.625)
     Total Material
       Flux                                 0.226695 +/- 0.00180017
   Incoming Energy [0.625, 20000000)
     Total Material
       Flux                                 0.595287 +/- 0.00273803
 Mesh Index (7, 1, 26)
   Incoming Energy [0, 0.625)
     Total Material
       Flux                                 0.257198 +/- 0.00185584
   Incoming Energy [0.625, 20000000)
     Total Material
       Flux                                 0.671589 +/- 0.00291338
 Mesh Index (8, 1, 26)
   Incoming Energy [0, 0.625)
     Total Material
       Flux                                 0.282178 +/- 0.00203662
   Incoming Energy [0.625, 20000000)
     Total Material
       Flux                                 0.733582 +/- 0.00343666
 Mesh Index (9, 1, 26)
   Incoming Energy [0, 0.625)
     Total Material
       Flux                                 0.307386 +/- 0.00198208
   Incoming Energy [0.625, 20000000)
     Total Material
       Flux                                 0.771836 +/- 0.00321556
 Mesh Index (10, 1, 26)
   Incoming Energy [0, 0.625)
     Total Material
       Flux                                 0.328468 +/- 0.00203851
   Incoming Energy [0.625, 20000000)
     Total Material
       Flux                                 0.78473 +/- 0.00339442
 Mesh Index (11, 1, 26)
   Incoming Energy [0, 0.625)
     Total Material
       Flux                                 0.341237 +/- 0.00195963
   Incoming Energy [0.625, 20000000)
     Total Material
       Flux                                 0.778279 +/- 0.00315339
 Mesh Index (12, 1, 26)
   Incoming Energy [0, 0.625)
     Total Material
       Flux                                 0.361109 +/- 0.00210218
   Incoming Energy [0.625, 20000000)
     Total Material
       Flux                                 0.748456 +/- 0.00283595
 Mesh Index (13, 1, 26)
   Incoming Energy [0, 0.625)
     Total Material
       Flux                                 0.386039 +/- 0.00220263
   Incoming Energy [0.625, 20000000)
     Total Material
       Flux                                 0.681768 +/- 0.00299452
 Mesh Index (14, 1, 26)
   Incoming Energy [0, 0.625)
     Total Material
       Flux                                 0.418626 +/- 0.00244976
   Incoming Energy [0.625, 20000000)
     Total Material
       Flux                                 0.554742 +/- 0.00303179
 Mesh Index (15, 1, 26)
   Incoming Energy [0, 0.625)
     Total Material
       Flux                                 0.390246 +/- 0.00285563
   Incoming Energy [0.625, 20000000)
     Total Material
       Flux                                 0.338892 +/- 0.00235474
 Mesh Index (16, 1, 26)
   Incoming Energy [0, 0.625)
     Total Material
       Flux                                 0.336237 +/- 0.00254909
   Incoming Energy [0.625, 20000000)
     Total Material
       Flux                                 0.181724 +/- 0.00161437
 Mesh Index (17, 1, 26)
   Incoming Energy [0, 0.625)
     Total Material
       Flux                                 0.338433 +/- 0.00306569
   Incoming Energy [0.625, 20000000)
     Total Material
       Flux                                 0.105387 +/- 0.00114161
 Mesh Index (18, 1, 26)
   Incoming Energy [0, 0.625)
     Total Material
       Flux                                 0.341108 +/- 0.00283635
   Incoming Energy [0.625, 20000000)
     Total Material
       Flux                                 0.0626356 +/- 0.000951884
 Mesh Index (19, 1, 26)
   Incoming Energy [0, 0.625)
     Total Material
       Flux                                 0.319735 +/- 0.00294185
   Incoming Energy [0.625, 20000000)
     Total Material
       Flux                                 0.0361981 +/- 0.000763975
 Mesh Index (20, 1, 26)
   Incoming Energy [0, 0.625)
     Total Material
       Flux                                 0.284288 +/- 0.00242887
   Incoming Energy [0.625, 20000000)
     Total Material
       Flux                                 0.0189131 +/- 0.00047945
 Mesh Index (21, 1, 26)
   Incoming Energy [0, 0.625)
     Total Material
       Flux                                 0.244553 +/- 0.00229672
   Incoming Energy [0.625, 20000000)
     Total Material
       Flux                                 0.010619 +/- 0.000381477
 Mesh Index (22, 1, 26)
   Incoming Energy [0, 0.625)
     Total Material
       Flux                                 0.195505 +/- 0.00186779
   Incoming Energy [0.625, 20000000)
     Total Material
       Flux                                 0.00586498 +/- 0.000260444
 Mesh Index (23, 1, 26)
   Incoming Energy [0, 0.625)
     Total Material
       Flux                                 0.145986 +/- 0.00178222
   Incoming Energy [0.625, 20000000)
     Total Material
       Flux                                 0.00299538 +/- 0.000192763
 Mesh Index (24, 1, 26)
   Incoming Energy [0, 0.625)
     Total Material
       Flux                                 0.0948833 +/- 0.00131683
   Incoming Energy [0.625, 20000000)
     Total Material
       Flux                                 0.00138377 +/- 0.000125976
 Mesh Index (25, 1, 26)
   Incoming Energy [0, 0.625)
     Total Material
       Flux                                 0.0417766 +/- 0.00075328
   Incoming Energy [0.625, 20000000)
     Total Material
       Flux                                 0.000563282 +/- 7.9787e-05
 Mesh Index (1, 1, 27)
   Incoming Energy [0, 0.625)
     Total Material
       Flux                                 0.0229395 +/- 0.000505338
   Incoming Energy [0.625, 20000000)
     Total Material
       Flux                                 0.0592295 +/- 0.000816066
 Mesh Index (2, 1, 27)
   Incoming Energy [0, 0.625)
     Total Material
       Flux                                 0.068238 +/- 0.00100175
   Incoming Energy [0.625, 20000000)
     Total Material
       Flux                                 0.17864 +/- 0.00142742
 Mesh Index (3, 1, 27)
   Incoming Energy [0, 0.625)
     Total Material
       Flux                                 0.110995 +/- 0.00116549
   Incoming Energy [0.625, 20000000)
     Total Material
       Flux                                 0.294476 +/- 0.00188976
 Mesh Index (4, 1, 27)
   Incoming Energy [0, 0.625)
     Total Material
       Flux                                 0.15114 +/- 0.00123353
   Incoming Energy [0.625, 20000000)
     Total Material
       Flux                                 0.403216 +/- 0.00227872
 Mesh Index (5, 1, 27)
   Incoming Energy [0, 0.625)
     Total Material
       Flux                                 0.190771 +/- 0.00149508
   Incoming Energy [0.625, 20000000)
     Total Material
       Flux                                 0.500508 +/- 0.0027248
 Mesh Index (6, 1, 27)
   Incoming Energy [0, 0.625)
     Total Material
       Flux                                 0.226886 +/- 0.0017052
   Incoming Energy [0.625, 20000000)
     Total Material
       Flux                                 0.589443 +/- 0.00279643
 Mesh Index (7, 1, 27)
   Incoming Energy [0, 0.625)
     Total Material
       Flux                                 0.253167 +/- 0.00185412
   Incoming Energy [0.625, 20000000)
     Total Material
       Flux                                 0.664796 +/- 0.00290165
 Mesh Index (8, 1, 27)
   Incoming Energy [0, 0.625)
     Total Material
       Flux                                 0.279326 +/- 0.00189608
   Incoming Energy [0.625, 20000000)
     Total Material
       Flux                                 0.727122 +/- 0.00356666
 Mesh Index (9, 1, 27)
   Incoming Energy [0, 0.625)
     Total Material
       Flux                                 0.30131 +/- 0.00186832
   Incoming Energy [0.625, 20000000)
     Total Material
       Flux                                 0.763788 +/- 0.00354658
 Mesh Index (10, 1, 27)
   Incoming Energy [0, 0.625)
     Total Material
       Flux                                 0.321052 +/- 0.00211058
   Incoming Energy [0.625, 20000000)
     Total Material
       Flux                                 0.775667 +/- 0.00314196
 Mesh Index (11, 1, 27)
   Incoming Energy [0, 0.625)
     Total Material
       Flux                                 0.339384 +/- 0.00197499
   Incoming Energy [0.625, 20000000)
     Total Material
       Flux                                 0.768063 +/- 0.00295634
 Mesh Index (12, 1, 27)
   Incoming Energy [0, 0.625)
     Total Material
       Flux                                 0.358766 +/- 0.00187119
   Incoming Energy [0.625, 20000000)
     Total Material
       Flux                                 0.733247 +/- 0.00298639
 Mesh Index (13, 1, 27)
   Incoming Energy [0, 0.625)
     Total Material
       Flux                                 0.380962 +/- 0.00227457
   Incoming Energy [0.625, 20000000)
     Total Material
       Flux                                 0.675097 +/- 0.00286884
 Mesh Index (14, 1, 27)
   Incoming Energy [0, 0.625)
     Total Material
       Flux                                 0.416189 +/- 0.00264746
   Incoming Energy [0.625, 20000000)
     Total Material
       Flux                                 0.546299 +/- 0.00293203
 Mesh Index (15, 1, 27)
   Incoming Energy [0, 0.625)
     Total Material
       Flux                                 0.386491 +/- 0.00283502
   Incoming Energy [0.625, 20000000)
     Total Material
       Flux                                 0.33467 +/- 0.00241272
 Mesh Index (16, 1, 27)
   Incoming Energy [0, 0.625)
     Total Material
       Flux                                 0.335525 +/- 0.00286904
   Incoming Energy [0.625, 20000000)
     Total Material
       Flux                                 0.177411 +/- 0.00183816
 Mesh Index (17, 1, 27)
   Incoming Energy [0, 0.625)
     Total Material
       Flux                                 0.335893 +/- 0.00289207
   Incoming Energy [0.625, 20000000)
     Total Material
       Flux                                 0.104301 +/- 0.00122293
 Mesh Index (18, 1, 27)
   Incoming Energy [0, 0.625)
     Total Material
       Flux                                 0.334751 +/- 0.00310485
   Incoming Energy [0.625, 20000000)
     Total Material
       Flux                                 0.0615502 +/- 0.000943498
 Mesh Index (19, 1, 27)
   Incoming Energy [0, 0.625)
     Total Material
       Flux                                 0.31449 +/- 0.00306247
   Incoming Energy [0.625, 20000000)
     Total Material
       Flux                                 0.0349006 +/- 0.000769832
 Mesh Index (20, 1, 27)
   Incoming Energy [0, 0.625)
     Total Material
       Flux                                 0.282237 +/- 0.00255092
   Incoming Energy [0.625, 20000000)
     Total Material
       Flux                                 0.0187757 +/- 0.000464403
 Mesh Index (21, 1, 27)
   Incoming Energy [0, 0.625)
     Total Material
       Flux                                 0.242836 +/- 0.00226769
   Incoming Energy [0.625, 20000000)
     Total Material
       Flux                                 0.0105204 +/- 0.000335156
 Mesh Index (22, 1, 27)
   Incoming Energy [0, 0.625)
     Total Material
       Flux                                 0.19564 +/- 0.00194852
   Incoming Energy [0.625, 20000000)
     Total Material
       Flux                                 0.0055901 +/- 0.000282414
 Mesh Index (23, 1, 27)
   Incoming Energy [0, 0.625)
     Total Material
       Flux                                 0.144933 +/- 0.00167265
   Incoming Energy [0.625, 20000000)
     Total Material
       Flux                                 0.00292582 +/- 0.000172752
 Mesh Index (24, 1, 27)
   Incoming Energy [0, 0.625)
     Total Material
       Flux                                 0.0941143 +/- 0.0013873
   Incoming Energy [0.625, 20000000)
     Total Material
       Flux                                 0.00125545 +/- 0.000104758
 Mesh Index (25, 1, 27)
   Incoming Energy [0, 0.625)
     Total Material
       Flux                                 0.0402504 +/- 0.000774119
   Incoming Energy [0.625, 20000000)
     Total Material
       Flux                                 0.00051734 +/- 6.45099e-05
 Mesh Index (1, 1, 28)
   Incoming Energy [0, 0.625)
     Total Material
       Flux                                 0.0223875 +/- 0.000447783
   Incoming Energy [0.625, 20000000)
     Total Material
       Flux                                 0.059201 +/- 0.000728057
 Mesh Index (2, 1, 28)
   Incoming Energy [0, 0.625)
     Total Material
       Flux                                 0.0664064 +/- 0.000909233
   Incoming Energy [0.625, 20000000)
     Total Material
       Flux                                 0.175775 +/- 0.00145222
 Mesh Index (3, 1, 28)
   Incoming Energy [0, 0.625)
     Total Material
       Flux                                 0.109223 +/- 0.00117092
   Incoming Energy [0.625, 20000000)
     Total Material
       Flux                                 0.28918 +/- 0.00178568
 Mesh Index (4, 1, 28)
   Incoming Energy [0, 0.625)
     Total Material
       Flux                                 0.146985 +/- 0.00138952
   Incoming Energy [0.625, 20000000)
     Total Material
       Flux                                 0.397306 +/- 0.00237527
 Mesh Index (5, 1, 28)
   Incoming Energy [0, 0.625)
     Total Material
       Flux                                 0.186247 +/- 0.00155222
   Incoming Energy [0.625, 20000000)
     Total Material
       Flux                                 0.497534 +/- 0.00248902
 Mesh Index (6, 1, 28)
   Incoming Energy [0, 0.625)
     Total Material
       Flux                                 0.222993 +/- 0.00174906
   Incoming Energy [0.625, 20000000)
     Total Material
       Flux                                 0.581257 +/- 0.00262126
 Mesh Index (7, 1, 28)
   Incoming Energy [0, 0.625)
     Total Material
       Flux                                 0.249719 +/- 0.00190462
   Incoming Energy [0.625, 20000000)
     Total Material
       Flux                                 0.655555 +/- 0.00276257
 Mesh Index (8, 1, 28)
   Incoming Energy [0, 0.625)
     Total Material
       Flux                                 0.278053 +/- 0.00182746
   Incoming Energy [0.625, 20000000)
     Total Material
       Flux                                 0.719432 +/- 0.00330371
 Mesh Index (9, 1, 28)
   Incoming Energy [0, 0.625)
     Total Material
       Flux                                 0.298991 +/- 0.0019896
   Incoming Energy [0.625, 20000000)
     Total Material
       Flux                                 0.747853 +/- 0.00350412
 Mesh Index (10, 1, 28)
   Incoming Energy [0, 0.625)
     Total Material
       Flux                                 0.31651 +/- 0.00213217
   Incoming Energy [0.625, 20000000)
     Total Material
       Flux                                 0.761803 +/- 0.00328614
 Mesh Index (11, 1, 28)
   Incoming Energy [0, 0.625)
     Total Material
       Flux                                 0.335006 +/- 0.0020195
   Incoming Energy [0.625, 20000000)
     Total Material
       Flux                                 0.755373 +/- 0.00300877
 Mesh Index (12, 1, 28)
   Incoming Energy [0, 0.625)
     Total Material
       Flux                                 0.35253 +/- 0.00194491
   Incoming Energy [0.625, 20000000)
     Total Material
       Flux                                 0.724253 +/- 0.00314149
 Mesh Index (13, 1, 28)
   Incoming Energy [0, 0.625)
     Total Material
       Flux                                 0.37509 +/- 0.00211892
   Incoming Energy [0.625, 20000000)
     Total Material
       Flux                                 0.663967 +/- 0.00325677
 Mesh Index (14, 1, 28)
   Incoming Energy [0, 0.625)
     Total Material
       Flux                                 0.40753 +/- 0.00245475
   Incoming Energy [0.625, 20000000)
     Total Material
       Flux                                 0.535936 +/- 0.00280733
 Mesh Index (15, 1, 28)
   Incoming Energy [0, 0.625)
     Total Material
       Flux                                 0.377189 +/- 0.00261497
   Incoming Energy [0.625, 20000000)
     Total Material
       Flux                                 0.33189 +/- 0.00221496
 Mesh Index (16, 1, 28)
   Incoming Energy [0, 0.625)
     Total Material
       Flux                                 0.327445 +/- 0.00249006
   Incoming Energy [0.625, 20000000)
     Total Material
       Flux                                 0.175342 +/- 0.00145227
 Mesh Index (17, 1, 28)
   Incoming Energy [0, 0.625)
     Total Material
       Flux                                 0.330534 +/- 0.00270586
   Incoming Energy [0.625, 20000000)
     Total Material
       Flux                                 0.103678 +/- 0.00125403
 Mesh Index (18, 1, 28)
   Incoming Energy [0, 0.625)
     Total Material
       Flux                                 0.331825 +/- 0.00285837
   Incoming Energy [0.625, 20000000)
     Total Material
       Flux                                 0.0604052 +/- 0.000946486
 Mesh Index (19, 1, 28)
   Incoming Energy [0, 0.625)
     Total Material
       Flux                                 0.308597 +/- 0.00273343
   Incoming Energy [0.625, 20000000)
     Total Material
       Flux                                 0.0347809 +/- 0.000716341
 Mesh Index (20, 1, 28)
   Incoming Energy [0, 0.625)
     Total Material
       Flux                                 0.280087 +/- 0.00266714
   Incoming Energy [0.625, 20000000)
     Total Material
       Flux                                 0.0188258 +/- 0.00049827
 Mesh Index (21, 1, 28)
   Incoming Energy [0, 0.625)
     Total Material
       Flux                                 0.238 +/- 0.00227708
   Incoming Energy [0.625, 20000000)
     Total Material
       Flux                                 0.0107183 +/- 0.000413116
 Mesh Index (22, 1, 28)
   Incoming Energy [0, 0.625)
     Total Material
       Flux                                 0.192746 +/- 0.00194839
   Incoming Energy [0.625, 20000000)
     Total Material
       Flux                                 0.00561213 +/- 0.000293086
 Mesh Index (23, 1, 28)
   Incoming Energy [0, 0.625)
     Total Material
       Flux                                 0.144645 +/- 0.00169349
   Incoming Energy [0.625, 20000000)
     Total Material
       Flux                                 0.00277947 +/- 0.000167866
 Mesh Index (24, 1, 28)
   Incoming Energy [0, 0.625)
     Total Material
       Flux                                 0.0927958 +/- 0.00130724
   Incoming Energy [0.625, 20000000)
     Total Material
       Flux                                 0.00131025 +/- 0.000122536
 Mesh Index (25, 1, 28)
   Incoming Energy [0, 0.625)
     Total Material
       Flux                                 0.0400918 +/- 0.000706725
   Incoming Energy [0.625, 20000000)
     Total Material
       Flux                                 0.000471052 +/- 6.3209e-05
 Mesh Index (1, 1, 29)
   Incoming Energy [0, 0.625)
     Total Material
       Flux                                 0.0220566 +/- 0.000465742
   Incoming Energy [0.625, 20000000)
     Total Material
       Flux                                 0.0581762 +/- 0.000702298
 Mesh Index (2, 1, 29)
   Incoming Energy [0, 0.625)
     Total Material
       Flux                                 0.0642231 +/- 0.000859875
   Incoming Energy [0.625, 20000000)
     Total Material
       Flux                                 0.173258 +/- 0.00149695
 Mesh Index (3, 1, 29)
   Incoming Energy [0, 0.625)
     Total Material
       Flux                                 0.107659 +/- 0.00108174
   Incoming Energy [0.625, 20000000)
     Total Material
       Flux                                 0.285536 +/- 0.00197939
 Mesh Index (4, 1, 29)
   Incoming Energy [0, 0.625)
     Total Material
       Flux                                 0.149444 +/- 0.00132287
   Incoming Energy [0.625, 20000000)
     Total Material
       Flux                                 0.393093 +/- 0.00224061
 Mesh Index (5, 1, 29)
   Incoming Energy [0, 0.625)
     Total Material
       Flux                                 0.184753 +/- 0.00167494
   Incoming Energy [0.625, 20000000)
     Total Material
       Flux                                 0.489592 +/- 0.00238048
 Mesh Index (6, 1, 29)
   Incoming Energy [0, 0.625)
     Total Material
       Flux                                 0.218795 +/- 0.0016327
   Incoming Energy [0.625, 20000000)
     Total Material
       Flux                                 0.572513 +/- 0.00277136
 Mesh Index (7, 1, 29)
   Incoming Energy [0, 0.625)
     Total Material
       Flux                                 0.249937 +/- 0.0019379
   Incoming Energy [0.625, 20000000)
     Total Material
       Flux                                 0.646598 +/- 0.00290528
 Mesh Index (8, 1, 29)
   Incoming Energy [0, 0.625)
     Total Material
       Flux                                 0.272996 +/- 0.00186605
   Incoming Energy [0.625, 20000000)
     Total Material
       Flux                                 0.700575 +/- 0.0028962
 Mesh Index (9, 1, 29)
   Incoming Energy [0, 0.625)
     Total Material
       Flux                                 0.293403 +/- 0.00215488
   Incoming Energy [0.625, 20000000)
     Total Material
       Flux                                 0.734151 +/- 0.00276555
 Mesh Index (10, 1, 29)
   Incoming Energy [0, 0.625)
     Total Material
       Flux                                 0.313958 +/- 0.00212434
   Incoming Energy [0.625, 20000000)
     Total Material
       Flux                                 0.747708 +/- 0.00308314
 Mesh Index (11, 1, 29)
   Incoming Energy [0, 0.625)
     Total Material
       Flux                                 0.33268 +/- 0.00214153
   Incoming Energy [0.625, 20000000)
     Total Material
       Flux                                 0.741356 +/- 0.0030629
 Mesh Index (12, 1, 29)
   Incoming Energy [0, 0.625)
     Total Material
       Flux                                 0.346231 +/- 0.00187732
   Incoming Energy [0.625, 20000000)
     Total Material
       Flux                                 0.7125 +/- 0.0029825
 Mesh Index (13, 1, 29)
   Incoming Energy [0, 0.625)
     Total Material
       Flux                                 0.372284 +/- 0.00230176
   Incoming Energy [0.625, 20000000)
     Total Material
       Flux                                 0.654427 +/- 0.00307391
 Mesh Index (14, 1, 29)
   Incoming Energy [0, 0.625)
     Total Material
       Flux                                 0.404334 +/- 0.00240885
   Incoming Energy [0.625, 20000000)
     Total Material
       Flux                                 0.530575 +/- 0.00269216
 Mesh Index (15, 1, 29)
   Incoming Energy [0, 0.625)
     Total Material
       Flux                                 0.372197 +/- 0.00232234
   Incoming Energy [0.625, 20000000)
     Total Material
       Flux                                 0.326045 +/- 0.00201754
 Mesh Index (16, 1, 29)
   Incoming Energy [0, 0.625)
     Total Material
       Flux                                 0.32147 +/- 0.00251295
   Incoming Energy [0.625, 20000000)
     Total Material
       Flux                                 0.171802 +/- 0.00158414
 Mesh Index (17, 1, 29)
   Incoming Energy [0, 0.625)
     Total Material
       Flux                                 0.322345 +/- 0.00256929
   Incoming Energy [0.625, 20000000)
     Total Material
       Flux                                 0.101486 +/- 0.00130317
 Mesh Index (18, 1, 29)
   Incoming Energy [0, 0.625)
     Total Material
       Flux                                 0.325989 +/- 0.00291185
   Incoming Energy [0.625, 20000000)
     Total Material
       Flux                                 0.0613529 +/- 0.000929974
 Mesh Index (19, 1, 29)
   Incoming Energy [0, 0.625)
     Total Material
       Flux                                 0.3058 +/- 0.00282706
   Incoming Energy [0.625, 20000000)
     Total Material
       Flux                                 0.0346631 +/- 0.000685856
 Mesh Index (20, 1, 29)
   Incoming Energy [0, 0.625)
     Total Material
       Flux                                 0.274631 +/- 0.00258054
   Incoming Energy [0.625, 20000000)
     Total Material
       Flux                                 0.0185799 +/- 0.000493076
 Mesh Index (21, 1, 29)
   Incoming Energy [0, 0.625)
     Total Material
       Flux                                 0.234435 +/- 0.00228898
   Incoming Energy [0.625, 20000000)
     Total Material
       Flux                                 0.0103375 +/- 0.00039017
 Mesh Index (22, 1, 29)
   Incoming Energy [0, 0.625)
     Total Material
       Flux                                 0.188119 +/- 0.00202056
   Incoming Energy [0.625, 20000000)
     Total Material
       Flux                                 0.00542858 +/- 0.000253677
 Mesh Index (23, 1, 29)
   Incoming Energy [0, 0.625)
     Total Material
       Flux                                 0.142858 +/- 0.00170184
   Incoming Energy [0.625, 20000000)
     Total Material
       Flux                                 0.00252085 +/- 0.000157047
 Mesh Index (24, 1, 29)
   Incoming Energy [0, 0.625)
     Total Material
       Flux                                 0.0895532 +/- 0.00127795
   Incoming Energy [0.625, 20000000)
     Total Material
       Flux                                 0.00137154 +/- 0.000133904
 Mesh Index (25, 1, 29)
   Incoming Energy [0, 0.625)
     Total Material
       Flux                                 0.0401637 +/- 0.000697515
   Incoming Energy [0.625, 20000000)
     Total Material
       Flux                                 0.000438558 +/- 7.08995e-05
 Mesh Index (1, 1, 30)
   Incoming Energy [0, 0.625)
     Total Material
       Flux                                 0.0219525 +/- 0.000513742
   Incoming Energy [0.625, 20000000)
     Total Material
       Flux                                 0.0584596 +/- 0.000723012
 Mesh Index (2, 1, 30)
   Incoming Energy [0, 0.625)
     Total Material
       Flux                                 0.0648575 +/- 0.000913462
   Incoming Energy [0.625, 20000000)
     Total Material
       Flux                                 0.170838 +/- 0.00155999
 Mesh Index (3, 1, 30)
   Incoming Energy [0, 0.625)
     Total Material
       Flux                                 0.106648 +/- 0.00107493
   Incoming Energy [0.625, 20000000)
     Total Material
       Flux                                 0.279505 +/- 0.00202976
 Mesh Index (4, 1, 30)
   Incoming Energy [0, 0.625)
     Total Material
       Flux                                 0.146035 +/- 0.0013898
   Incoming Energy [0.625, 20000000)
     Total Material
       Flux                                 0.384606 +/- 0.00238902
 Mesh Index (5, 1, 30)
   Incoming Energy [0, 0.625)
     Total Material
       Flux                                 0.182831 +/- 0.00146919
   Incoming Energy [0.625, 20000000)
     Total Material
       Flux                                 0.479462 +/- 0.00267635
 Mesh Index (6, 1, 30)
   Incoming Energy [0, 0.625)
     Total Material
       Flux                                 0.217167 +/- 0.00181089
   Incoming Energy [0.625, 20000000)
     Total Material
       Flux                                 0.563085 +/- 0.00263029
 Mesh Index (7, 1, 30)
   Incoming Energy [0, 0.625)
     Total Material
       Flux                                 0.244737 +/- 0.00182605
   Incoming Energy [0.625, 20000000)
     Total Material
       Flux                                 0.633199 +/- 0.00279937
 Mesh Index (8, 1, 30)
   Incoming Energy [0, 0.625)
     Total Material
       Flux                                 0.26816 +/- 0.00193247
   Incoming Energy [0.625, 20000000)
     Total Material
       Flux                                 0.683533 +/- 0.00274014
 Mesh Index (9, 1, 30)
   Incoming Energy [0, 0.625)
     Total Material
       Flux                                 0.289543 +/- 0.0019518
   Incoming Energy [0.625, 20000000)
     Total Material
       Flux                                 0.723617 +/- 0.00286284
 Mesh Index (10, 1, 30)
   Incoming Energy [0, 0.625)
     Total Material
       Flux                                 0.31063 +/- 0.00201074
   Incoming Energy [0.625, 20000000)
     Total Material
       Flux                                 0.734788 +/- 0.002779
 Mesh Index (11, 1, 30)
   Incoming Energy [0, 0.625)
     Total Material
       Flux                                 0.327038 +/- 0.00207434
   Incoming Energy [0.625, 20000000)
     Total Material
       Flux                                 0.728317 +/- 0.00309061
 Mesh Index (12, 1, 30)
   Incoming Energy [0, 0.625)
     Total Material
       Flux                                 0.342004 +/- 0.00205406
   Incoming Energy [0.625, 20000000)
     Total Material
       Flux                                 0.70262 +/- 0.00295363
 Mesh Index (13, 1, 30)
   Incoming Energy [0, 0.625)
     Total Material
       Flux                                 0.364008 +/- 0.00231822
   Incoming Energy [0.625, 20000000)
     Total Material
       Flux                                 0.646875 +/- 0.0030894
 Mesh Index (14, 1, 30)
   Incoming Energy [0, 0.625)
     Total Material
       Flux                                 0.399031 +/- 0.0026581
   Incoming Energy [0.625, 20000000)
     Total Material
       Flux                                 0.524575 +/- 0.00281428
 Mesh Index (15, 1, 30)
   Incoming Energy [0, 0.625)
     Total Material
       Flux                                 0.365998 +/- 0.00269366
   Incoming Energy [0.625, 20000000)
     Total Material
       Flux                                 0.315464 +/- 0.00196329
 Mesh Index (16, 1, 30)
   Incoming Energy [0, 0.625)
     Total Material
       Flux                                 0.315989 +/- 0.00263702
   Incoming Energy [0.625, 20000000)
     Total Material
       Flux                                 0.168661 +/- 0.00139216
 Mesh Index (17, 1, 30)
   Incoming Energy [0, 0.625)
     Total Material
       Flux                                 0.314936 +/- 0.00269484
   Incoming Energy [0.625, 20000000)
     Total Material
       Flux                                 0.101801 +/- 0.0013485
 Mesh Index (18, 1, 30)
   Incoming Energy [0, 0.625)
     Total Material
       Flux                                 0.319582 +/- 0.00301622
   Incoming Energy [0.625, 20000000)
     Total Material
       Flux                                 0.0607773 +/- 0.000950793
 Mesh Index (19, 1, 30)
   Incoming Energy [0, 0.625)
     Total Material
       Flux                                 0.300578 +/- 0.00284599
   Incoming Energy [0.625, 20000000)
     Total Material
       Flux                                 0.0336445 +/- 0.000655361
 Mesh Index (20, 1, 30)
   Incoming Energy [0, 0.625)
     Total Material
       Flux                                 0.266945 +/- 0.00241381
   Incoming Energy [0.625, 20000000)
     Total Material
       Flux                                 0.0185967 +/- 0.000525343
 Mesh Index (21, 1, 30)
   Incoming Energy [0, 0.625)
     Total Material
       Flux                                 0.231958 +/- 0.00232135
   Incoming Energy [0.625, 20000000)
     Total Material
       Flux                                 0.0104218 +/- 0.000382793
 Mesh Index (22, 1, 30)
   Incoming Energy [0, 0.625)
     Total Material
       Flux                                 0.186935 +/- 0.00196902
   Incoming Energy [0.625, 20000000)
     Total Material
       Flux                                 0.00548975 +/- 0.00026445
 Mesh Index (23, 1, 30)
   Incoming Energy [0, 0.625)
     Total Material
       Flux                                 0.139045 +/- 0.00166366
   Incoming Energy [0.625, 20000000)
     Total Material
       Flux                                 0.00286874 +/- 0.00020269
 Mesh Index (24, 1, 30)
   Incoming Energy [0, 0.625)
     Total Material
       Flux                                 0.089888 +/- 0.00135329
   Incoming Energy [0.625, 20000000)
     Total Material
       Flux                                 0.001458 +/- 0.000138155
 Mesh Index (25, 1, 30)
   Incoming Energy [0, 0.625)
     Total Material
       Flux                                 0.039133 +/- 0.000718843
   Incoming Energy [0.625, 20000000)
     Total Material
       Flux                                 0.000461522 +/- 6.88768e-05
 Mesh Index (1, 1, 31)
   Incoming Energy [0, 0.625)
     Total Material
       Flux                                 0.022693 +/- 0.000472918
   Incoming Energy [0.625, 20000000)
     Total Material
       Flux                                 0.056998 +/- 0.000736638
 Mesh Index (2, 1, 31)
   Incoming Energy [0, 0.625)
     Total Material
       Flux                                 0.0644867 +/- 0.000964917
   Incoming Energy [0.625, 20000000)
     Total Material
       Flux                                 0.165029 +/- 0.00148463
 Mesh Index (3, 1, 31)
   Incoming Energy [0, 0.625)
     Total Material
       Flux                                 0.104483 +/- 0.00116363
   Incoming Energy [0.625, 20000000)
     Total Material
       Flux                                 0.273023 +/- 0.00198271
 Mesh Index (4, 1, 31)
   Incoming Energy [0, 0.625)
     Total Material
       Flux                                 0.142898 +/- 0.00131636
   Incoming Energy [0.625, 20000000)
     Total Material
       Flux                                 0.374111 +/- 0.00220093
 Mesh Index (5, 1, 31)
   Incoming Energy [0, 0.625)
     Total Material
       Flux                                 0.18222 +/- 0.00155949
   Incoming Energy [0.625, 20000000)
     Total Material
       Flux                                 0.468647 +/- 0.00242109
 Mesh Index (6, 1, 31)
   Incoming Energy [0, 0.625)
     Total Material
       Flux                                 0.213245 +/- 0.00176247
   Incoming Energy [0.625, 20000000)
     Total Material
       Flux                                 0.55145 +/- 0.002723
 Mesh Index (7, 1, 31)
   Incoming Energy [0, 0.625)
     Total Material
       Flux                                 0.242493 +/- 0.00181014
   Incoming Energy [0.625, 20000000)
     Total Material
       Flux                                 0.618576 +/- 0.00258403
 Mesh Index (8, 1, 31)
   Incoming Energy [0, 0.625)
     Total Material
       Flux                                 0.265576 +/- 0.00190742
   Incoming Energy [0.625, 20000000)
     Total Material
       Flux                                 0.669648 +/- 0.00279103
 Mesh Index (9, 1, 31)
   Incoming Energy [0, 0.625)
     Total Material
       Flux                                 0.28632 +/- 0.00192925
   Incoming Energy [0.625, 20000000)
     Total Material
       Flux                                 0.70715 +/- 0.00291596
 Mesh Index (10, 1, 31)
   Incoming Energy [0, 0.625)
     Total Material
       Flux                                 0.305043 +/- 0.00192441
   Incoming Energy [0.625, 20000000)
     Total Material
       Flux                                 0.720488 +/- 0.00278541
 Mesh Index (11, 1, 31)
   Incoming Energy [0, 0.625)
     Total Material
       Flux                                 0.320267 +/- 0.00214094
   Incoming Energy [0.625, 20000000)
     Total Material
       Flux                                 0.715251 +/- 0.00290467
 Mesh Index (12, 1, 31)
   Incoming Energy [0, 0.625)
     Total Material
       Flux                                 0.336805 +/- 0.00196571
   Incoming Energy [0.625, 20000000)
     Total Material
       Flux                                 0.685991 +/- 0.00279505
 Mesh Index (13, 1, 31)
   Incoming Energy [0, 0.625)
     Total Material
       Flux                                 0.360268 +/- 0.00219107
   Incoming Energy [0.625, 20000000)
     Total Material
       Flux                                 0.632026 +/- 0.00287606
 Mesh Index (14, 1, 31)
   Incoming Energy [0, 0.625)
     Total Material
       Flux                                 0.391368 +/- 0.00262116
   Incoming Energy [0.625, 20000000)
     Total Material
       Flux                                 0.510518 +/- 0.00255116
 Mesh Index (15, 1, 31)
   Incoming Energy [0, 0.625)
     Total Material
       Flux                                 0.358444 +/- 0.00286564
   Incoming Energy [0.625, 20000000)
     Total Material
       Flux                                 0.309727 +/- 0.00199169
 Mesh Index (16, 1, 31)
   Incoming Energy [0, 0.625)
     Total Material
       Flux                                 0.310773 +/- 0.00236043
   Incoming Energy [0.625, 20000000)
     Total Material
       Flux                                 0.16671 +/- 0.00162767
 Mesh Index (17, 1, 31)
   Incoming Energy [0, 0.625)
     Total Material
       Flux                                 0.314261 +/- 0.0026267
   Incoming Energy [0.625, 20000000)
     Total Material
       Flux                                 0.0984752 +/- 0.00122334
 Mesh Index (18, 1, 31)
   Incoming Energy [0, 0.625)
     Total Material
       Flux                                 0.318224 +/- 0.00300225
   Incoming Energy [0.625, 20000000)
     Total Material
       Flux                                 0.0588882 +/- 0.000895376
 Mesh Index (19, 1, 31)
   Incoming Energy [0, 0.625)
     Total Material
       Flux                                 0.291834 +/- 0.00265926
   Incoming Energy [0.625, 20000000)
     Total Material
       Flux                                 0.0335782 +/- 0.00072682
 Mesh Index (20, 1, 31)
   Incoming Energy [0, 0.625)
     Total Material
       Flux                                 0.261764 +/- 0.00251708
   Incoming Energy [0.625, 20000000)
     Total Material
       Flux                                 0.0186083 +/- 0.000523925
 Mesh Index (21, 1, 31)
   Incoming Energy [0, 0.625)
     Total Material
       Flux                                 0.2278 +/- 0.0022463
   Incoming Energy [0.625, 20000000)
     Total Material
       Flux                                 0.00979497 +/- 0.000362758
 Mesh Index (22, 1, 31)
   Incoming Energy [0, 0.625)
     Total Material
       Flux                                 0.184356 +/- 0.00212858
   Incoming Energy [0.625, 20000000)
     Total Material
       Flux                                 0.00513107 +/- 0.000256503
 Mesh Index (23, 1, 31)
   Incoming Energy [0, 0.625)
     Total Material
       Flux                                 0.13619 +/- 0.00183792
   Incoming Energy [0.625, 20000000)
     Total Material
       Flux                                 0.00256046 +/- 0.000181217
 Mesh Index (24, 1, 31)
   Incoming Energy [0, 0.625)
     Total Material
       Flux                                 0.0889293 +/- 0.00132559
   Incoming Energy [0.625, 20000000)
     Total Material
       Flux                                 0.0012889 +/- 0.000122193
 Mesh Index (25, 1, 31)
   Incoming Energy [0, 0.625)
     Total Material
       Flux                                 0.0385317 +/- 0.000769857
   Incoming Energy [0.625, 20000000)
     Total Material
       Flux                                 0.000493373 +/- 7.42482e-05
 Mesh Index (1, 1, 32)
   Incoming Energy [0, 0.625)
     Total Material
       Flux                                 0.0218326 +/- 0.000526052
   Incoming Energy [0.625, 20000000)
     Total Material
       Flux                                 0.0556632 +/- 0.00073428
 Mesh Index (2, 1, 32)
   Incoming Energy [0, 0.625)
     Total Material
       Flux                                 0.063555 +/- 0.000960966
   Incoming Energy [0.625, 20000000)
     Total Material
       Flux                                 0.164345 +/- 0.0015085
 Mesh Index (3, 1, 32)
   Incoming Energy [0, 0.625)
     Total Material
       Flux                                 0.103461 +/- 0.00113065
   Incoming Energy [0.625, 20000000)
     Total Material
       Flux                                 0.26866 +/- 0.0020692
 Mesh Index (4, 1, 32)
   Incoming Energy [0, 0.625)
     Total Material
       Flux                                 0.142245 +/- 0.00138506
   Incoming Energy [0.625, 20000000)
     Total Material
       Flux                                 0.361896 +/- 0.00222404
 Mesh Index (5, 1, 32)
   Incoming Energy [0, 0.625)
     Total Material
       Flux                                 0.17759 +/- 0.00162295
   Incoming Energy [0.625, 20000000)
     Total Material
       Flux                                 0.456677 +/- 0.0025818
 Mesh Index (6, 1, 32)
   Incoming Energy [0, 0.625)
     Total Material
       Flux                                 0.210138 +/- 0.00178581
   Incoming Energy [0.625, 20000000)
     Total Material
       Flux                                 0.540604 +/- 0.00259385
 Mesh Index (7, 1, 32)
   Incoming Energy [0, 0.625)
     Total Material
       Flux                                 0.23894 +/- 0.00179291
   Incoming Energy [0.625, 20000000)
     Total Material
       Flux                                 0.606547 +/- 0.00260948
 Mesh Index (8, 1, 32)
   Incoming Energy [0, 0.625)
     Total Material
       Flux                                 0.263278 +/- 0.00190526
   Incoming Energy [0.625, 20000000)
     Total Material
       Flux                                 0.659768 +/- 0.00270591
 Mesh Index (9, 1, 32)
   Incoming Energy [0, 0.625)
     Total Material
       Flux                                 0.285403 +/- 0.00185048
   Incoming Energy [0.625, 20000000)
     Total Material
       Flux                                 0.693023 +/- 0.00295632
 Mesh Index (10, 1, 32)
   Incoming Energy [0, 0.625)
     Total Material
       Flux                                 0.299201 +/- 0.00186223
   Incoming Energy [0.625, 20000000)
     Total Material
       Flux                                 0.709327 +/- 0.00298687
 Mesh Index (11, 1, 32)
   Incoming Energy [0, 0.625)
     Total Material
       Flux                                 0.317248 +/- 0.0019429
   Incoming Energy [0.625, 20000000)
     Total Material
       Flux                                 0.703072 +/- 0.00278021
 Mesh Index (12, 1, 32)
   Incoming Energy [0, 0.625)
     Total Material
       Flux                                 0.333577 +/- 0.00212056
   Incoming Energy [0.625, 20000000)
     Total Material
       Flux                                 0.677022 +/- 0.00299159
 Mesh Index (13, 1, 32)
   Incoming Energy [0, 0.625)
     Total Material
       Flux                                 0.356417 +/- 0.00206786
   Incoming Energy [0.625, 20000000)
     Total Material
       Flux                                 0.619333 +/- 0.00292937
 Mesh Index (14, 1, 32)
   Incoming Energy [0, 0.625)
     Total Material
       Flux                                 0.383843 +/- 0.00243934
   Incoming Energy [0.625, 20000000)
     Total Material
       Flux                                 0.498459 +/- 0.00254213
 Mesh Index (15, 1, 32)
   Incoming Energy [0, 0.625)
     Total Material
       Flux                                 0.352393 +/- 0.00263597
   Incoming Energy [0.625, 20000000)
     Total Material
       Flux                                 0.305746 +/- 0.00221536
 Mesh Index (16, 1, 32)
   Incoming Energy [0, 0.625)
     Total Material
       Flux                                 0.303845 +/- 0.00236731
   Incoming Energy [0.625, 20000000)
     Total Material
       Flux                                 0.16244 +/- 0.00147347
 Mesh Index (17, 1, 32)
   Incoming Energy [0, 0.625)
     Total Material
       Flux                                 0.308803 +/- 0.00257677
   Incoming Energy [0.625, 20000000)
     Total Material
       Flux                                 0.0956433 +/- 0.00109958
 Mesh Index (18, 1, 32)
   Incoming Energy [0, 0.625)
     Total Material
       Flux                                 0.307402 +/- 0.00276966
   Incoming Energy [0.625, 20000000)
     Total Material
       Flux                                 0.0583258 +/- 0.000912064
 Mesh Index (19, 1, 32)
   Incoming Energy [0, 0.625)
     Total Material
       Flux                                 0.283706 +/- 0.00280419
   Incoming Energy [0.625, 20000000)
     Total Material
       Flux                                 0.0332951 +/- 0.000729964
 Mesh Index (20, 1, 32)
   Incoming Energy [0, 0.625)
     Total Material
       Flux                                 0.255355 +/- 0.00266948
   Incoming Energy [0.625, 20000000)
     Total Material
       Flux                                 0.0178478 +/- 0.000474727
 Mesh Index (21, 1, 32)
   Incoming Energy [0, 0.625)
     Total Material
       Flux                                 0.219166 +/- 0.00263144
   Incoming Energy [0.625, 20000000)
     Total Material
       Flux                                 0.0097301 +/- 0.000378526
 Mesh Index (22, 1, 32)
   Incoming Energy [0, 0.625)
     Total Material
       Flux                                 0.179303 +/- 0.00239149
   Incoming Energy [0.625, 20000000)
     Total Material
       Flux                                 0.00517449 +/- 0.000234666
 Mesh Index (23, 1, 32)
   Incoming Energy [0, 0.625)
     Total Material
       Flux                                 0.134976 +/- 0.00171905
   Incoming Energy [0.625, 20000000)
     Total Material
       Flux                                 0.0023192 +/- 0.000168359
 Mesh Index (24, 1, 32)
   Incoming Energy [0, 0.625)
     Total Material
       Flux                                 0.0871418 +/- 0.00139207
   Incoming Energy [0.625, 20000000)
     Total Material
       Flux                                 0.00109534 +/- 0.000107113
 Mesh Index (25, 1, 32)
   Incoming Energy [0, 0.625)
     Total Material
       Flux                                 0.0378436 +/- 0.000706481
   Incoming Energy [0.625, 20000000)
     Total Material
       Flux                                 0.000394421 +/- 5.88181e-05
 Mesh Index (1, 1, 33)
   Incoming Energy [0, 0.625)
     Total Material
       Flux                                 0.0213008 +/- 0.000482433
   Incoming Energy [0.625, 20000000)
     Total Material
       Flux                                 0.0534976 +/- 0.00082478
 Mesh Index (2, 1, 33)
   Incoming Energy [0, 0.625)
     Total Material
       Flux                                 0.0628615 +/- 0.000966763
   Incoming Energy [0.625, 20000000)
     Total Material
       Flux                                 0.160122 +/- 0.00149591
 Mesh Index (3, 1, 33)
   Incoming Energy [0, 0.625)
     Total Material
       Flux                                 0.103602 +/- 0.00120464
   Incoming Energy [0.625, 20000000)
     Total Material
       Flux                                 0.260377 +/- 0.00186059
 Mesh Index (4, 1, 33)
   Incoming Energy [0, 0.625)
     Total Material
       Flux                                 0.141597 +/- 0.00132947
   Incoming Energy [0.625, 20000000)
     Total Material
       Flux                                 0.356039 +/- 0.00238759
 Mesh Index (5, 1, 33)
   Incoming Energy [0, 0.625)
     Total Material
       Flux                                 0.176438 +/- 0.00143687
   Incoming Energy [0.625, 20000000)
     Total Material
       Flux                                 0.445905 +/- 0.00241463
 Mesh Index (6, 1, 33)
   Incoming Energy [0, 0.625)
     Total Material
       Flux                                 0.208283 +/- 0.0017424
   Incoming Energy [0.625, 20000000)
     Total Material
       Flux                                 0.523834 +/- 0.00239236
 Mesh Index (7, 1, 33)
   Incoming Energy [0, 0.625)
     Total Material
       Flux                                 0.237583 +/- 0.00193046
   Incoming Energy [0.625, 20000000)
     Total Material
       Flux                                 0.590172 +/- 0.00242638
 Mesh Index (8, 1, 33)
   Incoming Energy [0, 0.625)
     Total Material
       Flux                                 0.260342 +/- 0.00192461
   Incoming Energy [0.625, 20000000)
     Total Material
       Flux                                 0.644296 +/- 0.00268494
 Mesh Index (9, 1, 33)
   Incoming Energy [0, 0.625)
     Total Material
       Flux                                 0.279378 +/- 0.00173473
   Incoming Energy [0.625, 20000000)
     Total Material
       Flux                                 0.67387 +/- 0.00311475
 Mesh Index (10, 1, 33)
   Incoming Energy [0, 0.625)
     Total Material
       Flux                                 0.297897 +/- 0.00170001
   Incoming Energy [0.625, 20000000)
     Total Material
       Flux                                 0.68986 +/- 0.00306066
 Mesh Index (11, 1, 33)
   Incoming Energy [0, 0.625)
     Total Material
       Flux                                 0.31468 +/- 0.00190592
   Incoming Energy [0.625, 20000000)
     Total Material
       Flux                                 0.684357 +/- 0.00305047
 Mesh Index (12, 1, 33)
   Incoming Energy [0, 0.625)
     Total Material
       Flux                                 0.330323 +/- 0.00199787
   Incoming Energy [0.625, 20000000)
     Total Material
       Flux                                 0.663953 +/- 0.00290242
 Mesh Index (13, 1, 33)
   Incoming Energy [0, 0.625)
     Total Material
       Flux                                 0.352477 +/- 0.00202081
   Incoming Energy [0.625, 20000000)
     Total Material
       Flux                                 0.603525 +/- 0.00281886
 Mesh Index (14, 1, 33)
   Incoming Energy [0, 0.625)
     Total Material
       Flux                                 0.377491 +/- 0.0024921
   Incoming Energy [0.625, 20000000)
     Total Material
       Flux                                 0.489848 +/- 0.00271049
 Mesh Index (15, 1, 33)
   Incoming Energy [0, 0.625)
     Total Material
       Flux                                 0.345608 +/- 0.00263954
   Incoming Energy [0.625, 20000000)
     Total Material
       Flux                                 0.296966 +/- 0.00207166
 Mesh Index (16, 1, 33)
   Incoming Energy [0, 0.625)
     Total Material
       Flux                                 0.301329 +/- 0.00227112
   Incoming Energy [0.625, 20000000)
     Total Material
       Flux                                 0.157162 +/- 0.00149108
 Mesh Index (17, 1, 33)
   Incoming Energy [0, 0.625)
     Total Material
       Flux                                 0.30052 +/- 0.00240181
   Incoming Energy [0.625, 20000000)
     Total Material
       Flux                                 0.0917434 +/- 0.00123534
 Mesh Index (18, 1, 33)
   Incoming Energy [0, 0.625)
     Total Material
       Flux                                 0.302159 +/- 0.00274326
   Incoming Energy [0.625, 20000000)
     Total Material
       Flux                                 0.0548756 +/- 0.00085837
 Mesh Index (19, 1, 33)
   Incoming Energy [0, 0.625)
     Total Material
       Flux                                 0.285146 +/- 0.00261789
   Incoming Energy [0.625, 20000000)
     Total Material
       Flux                                 0.0325618 +/- 0.000706404
 Mesh Index (20, 1, 33)
   Incoming Energy [0, 0.625)
     Total Material
       Flux                                 0.253329 +/- 0.00258369
   Incoming Energy [0.625, 20000000)
     Total Material
       Flux                                 0.0175877 +/- 0.000486536
 Mesh Index (21, 1, 33)
   Incoming Energy [0, 0.625)
     Total Material
       Flux                                 0.215119 +/- 0.00233615
   Incoming Energy [0.625, 20000000)
     Total Material
       Flux                                 0.00954292 +/- 0.000361743
 Mesh Index (22, 1, 33)
   Incoming Energy [0, 0.625)
     Total Material
       Flux                                 0.175446 +/- 0.00239889
   Incoming Energy [0.625, 20000000)
     Total Material
       Flux                                 0.00509316 +/- 0.000250163
 Mesh Index (23, 1, 33)
   Incoming Energy [0, 0.625)
     Total Material
       Flux                                 0.133314 +/- 0.00174825
   Incoming Energy [0.625, 20000000)
     Total Material
       Flux                                 0.00230215 +/- 0.000189433
 Mesh Index (24, 1, 33)
   Incoming Energy [0, 0.625)
     Total Material
       Flux                                 0.0863688 +/- 0.00137068
   Incoming Energy [0.625, 20000000)
     Total Material
       Flux                                 0.00114046 +/- 0.000126232
 Mesh Index (25, 1, 33)
   Incoming Energy [0, 0.625)
     Total Material
       Flux                                 0.0363563 +/- 0.000681854
   Incoming Energy [0.625, 20000000)
     Total Material
       Flux                                 0.000352396 +/- 5.74777e-05
 Mesh Index (1, 1, 34)
   Incoming Energy [0, 0.625)
     Total Material
       Flux                                 0.0214426 +/- 0.000464939
   Incoming Energy [0.625, 20000000)
     Total Material
       Flux                                 0.0522119 +/- 0.00081009
 Mesh Index (2, 1, 34)
   Incoming Energy [0, 0.625)
     Total Material
       Flux                                 0.0638824 +/- 0.000922387
   Incoming Energy [0.625, 20000000)
     Total Material
       Flux                                 0.155878 +/- 0.00149445
 Mesh Index (3, 1, 34)
   Incoming Energy [0, 0.625)
     Total Material
       Flux                                 0.104569 +/- 0.001183
   Incoming Energy [0.625, 20000000)
     Total Material
       Flux                                 0.251441 +/- 0.00189465
 Mesh Index (4, 1, 34)
   Incoming Energy [0, 0.625)
     Total Material
       Flux                                 0.14162 +/- 0.00137126
   Incoming Energy [0.625, 20000000)
     Total Material
       Flux                                 0.346345 +/- 0.0020942
 Mesh Index (5, 1, 34)
   Incoming Energy [0, 0.625)
     Total Material
       Flux                                 0.178188 +/- 0.00153532
   Incoming Energy [0.625, 20000000)
     Total Material
       Flux                                 0.430877 +/- 0.00229103
 Mesh Index (6, 1, 34)
   Incoming Energy [0, 0.625)
     Total Material
       Flux                                 0.20858 +/- 0.00155021
   Incoming Energy [0.625, 20000000)
     Total Material
       Flux                                 0.506414 +/- 0.00239003
 Mesh Index (7, 1, 34)
   Incoming Energy [0, 0.625)
     Total Material
       Flux                                 0.23657 +/- 0.00178784
   Incoming Energy [0.625, 20000000)
     Total Material
       Flux                                 0.571679 +/- 0.00263446
 Mesh Index (8, 1, 34)
   Incoming Energy [0, 0.625)
     Total Material
       Flux                                 0.259384 +/- 0.00168802
   Incoming Energy [0.625, 20000000)
     Total Material
       Flux                                 0.624984 +/- 0.00274493
 Mesh Index (9, 1, 34)
   Incoming Energy [0, 0.625)
     Total Material
       Flux                                 0.279338 +/- 0.00195129
   Incoming Energy [0.625, 20000000)
     Total Material
       Flux                                 0.659682 +/- 0.00298291
 Mesh Index (10, 1, 34)
   Incoming Energy [0, 0.625)
     Total Material
       Flux                                 0.29577 +/- 0.00172432
   Incoming Energy [0.625, 20000000)
     Total Material
       Flux                                 0.670353 +/- 0.00306736
 Mesh Index (11, 1, 34)
   Incoming Energy [0, 0.625)
     Total Material
       Flux                                 0.313083 +/- 0.00199196
   Incoming Energy [0.625, 20000000)
     Total Material
       Flux                                 0.667172 +/- 0.00301911
 Mesh Index (12, 1, 34)
   Incoming Energy [0, 0.625)
     Total Material
       Flux                                 0.330135 +/- 0.00216441
   Incoming Energy [0.625, 20000000)
     Total Material
       Flux                                 0.63907 +/- 0.00286561
 Mesh Index (13, 1, 34)
   Incoming Energy [0, 0.625)
     Total Material
       Flux                                 0.348518 +/- 0.00255381
   Incoming Energy [0.625, 20000000)
     Total Material
       Flux                                 0.585332 +/- 0.0025784
 Mesh Index (14, 1, 34)
   Incoming Energy [0, 0.625)
     Total Material
       Flux                                 0.377768 +/- 0.00256306
   Incoming Energy [0.625, 20000000)
     Total Material
       Flux                                 0.474982 +/- 0.00261748
 Mesh Index (15, 1, 34)
   Incoming Energy [0, 0.625)
     Total Material
       Flux                                 0.342228 +/- 0.00227795
   Incoming Energy [0.625, 20000000)
     Total Material
       Flux                                 0.286749 +/- 0.00197923
 Mesh Index (16, 1, 34)
   Incoming Energy [0, 0.625)
     Total Material
       Flux                                 0.295582 +/- 0.00220089
   Incoming Energy [0.625, 20000000)
     Total Material
       Flux                                 0.153558 +/- 0.00156544
 Mesh Index (17, 1, 34)
   Incoming Energy [0, 0.625)
     Total Material
       Flux                                 0.293999 +/- 0.00253059
   Incoming Energy [0.625, 20000000)
     Total Material
       Flux                                 0.0901075 +/- 0.00115779
 Mesh Index (18, 1, 34)
   Incoming Energy [0, 0.625)
     Total Material
       Flux                                 0.29766 +/- 0.00256204
   Incoming Energy [0.625, 20000000)
     Total Material
       Flux                                 0.0536354 +/- 0.000849673
 Mesh Index (19, 1, 34)
   Incoming Energy [0, 0.625)
     Total Material
       Flux                                 0.279596 +/- 0.00245118
   Incoming Energy [0.625, 20000000)
     Total Material
       Flux                                 0.030925 +/- 0.000654806
 Mesh Index (20, 1, 34)
   Incoming Energy [0, 0.625)
     Total Material
       Flux                                 0.252141 +/- 0.0024314
   Incoming Energy [0.625, 20000000)
     Total Material
       Flux                                 0.0168596 +/- 0.000455622
 Mesh Index (21, 1, 34)
   Incoming Energy [0, 0.625)
     Total Material
       Flux                                 0.212515 +/- 0.00230692
   Incoming Energy [0.625, 20000000)
     Total Material
       Flux                                 0.00923208 +/- 0.00033652
 Mesh Index (22, 1, 34)
   Incoming Energy [0, 0.625)
     Total Material
       Flux                                 0.172905 +/- 0.00221514
   Incoming Energy [0.625, 20000000)
     Total Material
       Flux                                 0.00483419 +/- 0.000259614
 Mesh Index (23, 1, 34)
   Incoming Energy [0, 0.625)
     Total Material
       Flux                                 0.130582 +/- 0.00170676
   Incoming Energy [0.625, 20000000)
     Total Material
       Flux                                 0.00225239 +/- 0.000160356
 Mesh Index (24, 1, 34)
   Incoming Energy [0, 0.625)
     Total Material
       Flux                                 0.0843485 +/- 0.00124482
   Incoming Energy [0.625, 20000000)
     Total Material
       Flux                                 0.00110157 +/- 0.000116228
 Mesh Index (25, 1, 34)
   Incoming Energy [0, 0.625)
     Total Material
       Flux                                 0.0353394 +/- 0.000629916
   Incoming Energy [0.625, 20000000)
     Total Material
       Flux                                 0.000400422 +/- 6.74766e-05
 Mesh Index (1, 1, 35)
   Incoming Energy [0, 0.625)
     Total Material
       Flux                                 0.0216184 +/- 0.00047631
   Incoming Energy [0.625, 20000000)
     Total Material
       Flux                                 0.0498404 +/- 0.000715952
 Mesh Index (2, 1, 35)
   Incoming Energy [0, 0.625)
     Total Material
       Flux                                 0.063847 +/- 0.000871151
   Incoming Energy [0.625, 20000000)
     Total Material
       Flux                                 0.14984 +/- 0.00139342
 Mesh Index (3, 1, 35)
   Incoming Energy [0, 0.625)
     Total Material
       Flux                                 0.105847 +/- 0.00111228
   Incoming Energy [0.625, 20000000)
     Total Material
       Flux                                 0.243342 +/- 0.00174049
 Mesh Index (4, 1, 35)
   Incoming Energy [0, 0.625)
     Total Material
       Flux                                 0.141388 +/- 0.00128028
   Incoming Energy [0.625, 20000000)
     Total Material
       Flux                                 0.335819 +/- 0.0021312
 Mesh Index (5, 1, 35)
   Incoming Energy [0, 0.625)
     Total Material
       Flux                                 0.178049 +/- 0.00155763
   Incoming Energy [0.625, 20000000)
     Total Material
       Flux                                 0.419605 +/- 0.0022496
 Mesh Index (6, 1, 35)
   Incoming Energy [0, 0.625)
     Total Material
       Flux                                 0.211221 +/- 0.00153994
   Incoming Energy [0.625, 20000000)
     Total Material
       Flux                                 0.490157 +/- 0.00246906
 Mesh Index (7, 1, 35)
   Incoming Energy [0, 0.625)
     Total Material
       Flux                                 0.237373 +/- 0.0015807
   Incoming Energy [0.625, 20000000)
     Total Material
       Flux                                 0.553838 +/- 0.00241791
 Mesh Index (8, 1, 35)
   Incoming Energy [0, 0.625)
     Total Material
       Flux                                 0.260982 +/- 0.00177288
   Incoming Energy [0.625, 20000000)
     Total Material
       Flux                                 0.601465 +/- 0.00279922
 Mesh Index (9, 1, 35)
   Incoming Energy [0, 0.625)
     Total Material
       Flux                                 0.278744 +/- 0.00189254
   Incoming Energy [0.625, 20000000)
     Total Material
       Flux                                 0.635851 +/- 0.00313152
 Mesh Index (10, 1, 35)
   Incoming Energy [0, 0.625)
     Total Material
       Flux                                 0.297047 +/- 0.00186068
   Incoming Energy [0.625, 20000000)
     Total Material
       Flux                                 0.649085 +/- 0.00303415
 Mesh Index (11, 1, 35)
   Incoming Energy [0, 0.625)
     Total Material
       Flux                                 0.311365 +/- 0.0019788
   Incoming Energy [0.625, 20000000)
     Total Material
       Flux                                 0.643742 +/- 0.00274714
 Mesh Index (12, 1, 35)
   Incoming Energy [0, 0.625)
     Total Material
       Flux                                 0.328547 +/- 0.00192622
   Incoming Energy [0.625, 20000000)
     Total Material
       Flux                                 0.618893 +/- 0.00279991
 Mesh Index (13, 1, 35)
   Incoming Energy [0, 0.625)
     Total Material
       Flux                                 0.348735 +/- 0.00236348
   Incoming Energy [0.625, 20000000)
     Total Material
       Flux                                 0.567456 +/- 0.00271924
 Mesh Index (14, 1, 35)
   Incoming Energy [0, 0.625)
     Total Material
       Flux                                 0.373271 +/- 0.00254798
   Incoming Energy [0.625, 20000000)
     Total Material
       Flux                                 0.45829 +/- 0.00246864
 Mesh Index (15, 1, 35)
   Incoming Energy [0, 0.625)
     Total Material
       Flux                                 0.337477 +/- 0.0025261
   Incoming Energy [0.625, 20000000)
     Total Material
       Flux                                 0.276004 +/- 0.00186671
 Mesh Index (16, 1, 35)
   Incoming Energy [0, 0.625)
     Total Material
       Flux                                 0.288077 +/- 0.0024403
   Incoming Energy [0.625, 20000000)
     Total Material
       Flux                                 0.146291 +/- 0.00147697
 Mesh Index (17, 1, 35)
   Incoming Energy [0, 0.625)
     Total Material
       Flux                                 0.28963 +/- 0.00251309
   Incoming Energy [0.625, 20000000)
     Total Material
       Flux                                 0.0865902 +/- 0.00112649
 Mesh Index (18, 1, 35)
   Incoming Energy [0, 0.625)
     Total Material
       Flux                                 0.289707 +/- 0.00244695
   Incoming Energy [0.625, 20000000)
     Total Material
       Flux                                 0.0518709 +/- 0.000874605
 Mesh Index (19, 1, 35)
   Incoming Energy [0, 0.625)
     Total Material
       Flux                                 0.273785 +/- 0.00229247
   Incoming Energy [0.625, 20000000)
     Total Material
       Flux                                 0.0295048 +/- 0.000634897
 Mesh Index (20, 1, 35)
   Incoming Energy [0, 0.625)
     Total Material
       Flux                                 0.24499 +/- 0.00252795
   Incoming Energy [0.625, 20000000)
     Total Material
       Flux                                 0.0160927 +/- 0.000442426
 Mesh Index (21, 1, 35)
   Incoming Energy [0, 0.625)
     Total Material
       Flux                                 0.204751 +/- 0.00243083
   Incoming Energy [0.625, 20000000)
     Total Material
       Flux                                 0.00844894 +/- 0.000328838
 Mesh Index (22, 1, 35)
   Incoming Energy [0, 0.625)
     Total Material
       Flux                                 0.167515 +/- 0.00226311
   Incoming Energy [0.625, 20000000)
     Total Material
       Flux                                 0.00433649 +/- 0.00024923
 Mesh Index (23, 1, 35)
   Incoming Energy [0, 0.625)
     Total Material
       Flux                                 0.128386 +/- 0.00191831
   Incoming Energy [0.625, 20000000)
     Total Material
       Flux                                 0.00222014 +/- 0.000163224
 Mesh Index (24, 1, 35)
   Incoming Energy [0, 0.625)
     Total Material
       Flux                                 0.0815348 +/- 0.0013482
   Incoming Energy [0.625, 20000000)
     Total Material
       Flux                                 0.00103002 +/- 0.00012326
 Mesh Index (25, 1, 35)
   Incoming Energy [0, 0.625)
     Total Material
       Flux                                 0.0343349 +/- 0.000628706
   Incoming Energy [0.625, 20000000)
     Total Material
       Flux                                 0.000386334 +/- 6.74361e-05
 Mesh Index (1, 1, 36)
   Incoming Energy [0, 0.625)
     Total Material
       Flux                                 0.0227429 +/- 0.000488451
   Incoming Energy [0.625, 20000000)
     Total Material
       Flux                                 0.0479448 +/- 0.000756773
 Mesh Index (2, 1, 36)
   Incoming Energy [0, 0.625)
     Total Material
       Flux                                 0.0654405 +/- 0.00094408
   Incoming Energy [0.625, 20000000)
     Total Material
       Flux                                 0.142463 +/- 0.00120399
 Mesh Index (3, 1, 36)
   Incoming Energy [0, 0.625)
     Total Material
       Flux                                 0.107461 +/- 0.00117043
   Incoming Energy [0.625, 20000000)
     Total Material
       Flux                                 0.234254 +/- 0.00166274
 Mesh Index (4, 1, 36)
   Incoming Energy [0, 0.625)
     Total Material
       Flux                                 0.144689 +/- 0.00128082
   Incoming Energy [0.625, 20000000)
     Total Material
       Flux                                 0.319964 +/- 0.00201305
 Mesh Index (5, 1, 36)
   Incoming Energy [0, 0.625)
     Total Material
       Flux                                 0.178885 +/- 0.00160874
   Incoming Energy [0.625, 20000000)
     Total Material
       Flux                                 0.402347 +/- 0.00215061
 Mesh Index (6, 1, 36)
   Incoming Energy [0, 0.625)
     Total Material
       Flux                                 0.214093 +/- 0.00165664
   Incoming Energy [0.625, 20000000)
     Total Material
       Flux                                 0.469166 +/- 0.00231339
 Mesh Index (7, 1, 36)
   Incoming Energy [0, 0.625)
     Total Material
       Flux                                 0.243681 +/- 0.00169038
   Incoming Energy [0.625, 20000000)
     Total Material
       Flux                                 0.529772 +/- 0.00255651
 Mesh Index (8, 1, 36)
   Incoming Energy [0, 0.625)
     Total Material
       Flux                                 0.265167 +/- 0.00193753
   Incoming Energy [0.625, 20000000)
     Total Material
       Flux                                 0.574867 +/- 0.00259539
 Mesh Index (9, 1, 36)
   Incoming Energy [0, 0.625)
     Total Material
       Flux                                 0.284135 +/- 0.00212076
   Incoming Energy [0.625, 20000000)
     Total Material
       Flux                                 0.609148 +/- 0.00296399
 Mesh Index (10, 1, 36)
   Incoming Energy [0, 0.625)
     Total Material
       Flux                                 0.300404 +/- 0.0021241
   Incoming Energy [0.625, 20000000)
     Total Material
       Flux                                 0.625143 +/- 0.00308549
 Mesh Index (11, 1, 36)
   Incoming Energy [0, 0.625)
     Total Material
       Flux                                 0.312385 +/- 0.00208816
   Incoming Energy [0.625, 20000000)
     Total Material
       Flux                                 0.613959 +/- 0.0025287
 Mesh Index (12, 1, 36)
   Incoming Energy [0, 0.625)
     Total Material
       Flux                                 0.329837 +/- 0.00232886
   Incoming Energy [0.625, 20000000)
     Total Material
       Flux                                 0.592059 +/- 0.00280284
 Mesh Index (13, 1, 36)
   Incoming Energy [0, 0.625)
     Total Material
       Flux                                 0.351574 +/- 0.00230037
   Incoming Energy [0.625, 20000000)
     Total Material
       Flux                                 0.545484 +/- 0.00272775
 Mesh Index (14, 1, 36)
   Incoming Energy [0, 0.625)
     Total Material
       Flux                                 0.371296 +/- 0.00252926
   Incoming Energy [0.625, 20000000)
     Total Material
       Flux                                 0.437602 +/- 0.0023486
 Mesh Index (15, 1, 36)
   Incoming Energy [0, 0.625)
     Total Material
       Flux                                 0.331989 +/- 0.00245558
   Incoming Energy [0.625, 20000000)
     Total Material
       Flux                                 0.264113 +/- 0.00193922
 Mesh Index (16, 1, 36)
   Incoming Energy [0, 0.625)
     Total Material
       Flux                                 0.282071 +/- 0.00226237
   Incoming Energy [0.625, 20000000)
     Total Material
       Flux                                 0.138285 +/- 0.00149325
 Mesh Index (17, 1, 36)
   Incoming Energy [0, 0.625)
     Total Material
       Flux                                 0.28551 +/- 0.00254101
   Incoming Energy [0.625, 20000000)
     Total Material
       Flux                                 0.0832228 +/- 0.00104154
 Mesh Index (18, 1, 36)
   Incoming Energy [0, 0.625)
     Total Material
       Flux                                 0.2882 +/- 0.00252199
   Incoming Energy [0.625, 20000000)
     Total Material
       Flux                                 0.0491547 +/- 0.000800626
 Mesh Index (19, 1, 36)
   Incoming Energy [0, 0.625)
     Total Material
       Flux                                 0.269655 +/- 0.00263545
   Incoming Energy [0.625, 20000000)
     Total Material
       Flux                                 0.0278295 +/- 0.000584815
 Mesh Index (20, 1, 36)
   Incoming Energy [0, 0.625)
     Total Material
       Flux                                 0.238275 +/- 0.00250736
   Incoming Energy [0.625, 20000000)
     Total Material
       Flux                                 0.0151301 +/- 0.000377586
 Mesh Index (21, 1, 36)
   Incoming Energy [0, 0.625)
     Total Material
       Flux                                 0.202595 +/- 0.00239893
   Incoming Energy [0.625, 20000000)
     Total Material
       Flux                                 0.00807174 +/- 0.000344721
 Mesh Index (22, 1, 36)
   Incoming Energy [0, 0.625)
     Total Material
       Flux                                 0.162325 +/- 0.00212145
   Incoming Energy [0.625, 20000000)
     Total Material
       Flux                                 0.00417095 +/- 0.000248279
 Mesh Index (23, 1, 36)
   Incoming Energy [0, 0.625)
     Total Material
       Flux                                 0.122926 +/- 0.00180221
   Incoming Energy [0.625, 20000000)
     Total Material
       Flux                                 0.00198106 +/- 0.000157426
 Mesh Index (24, 1, 36)
   Incoming Energy [0, 0.625)
     Total Material
       Flux                                 0.0798311 +/- 0.00135844
   Incoming Energy [0.625, 20000000)
     Total Material
       Flux                                 0.00106446 +/- 0.000120801
 Mesh Index (25, 1, 36)
   Incoming Energy [0, 0.625)
     Total Material
       Flux                                 0.0350448 +/- 0.000716046
   Incoming Energy [0.625, 20000000)
     Total Material
       Flux                                 0.000500863 +/- 7.39628e-05
 Mesh Index (1, 1, 37)
   Incoming Energy [0, 0.625)
     Total Material
       Flux                                 0.0228395 +/- 0.000516358
   Incoming Energy [0.625, 20000000)
     Total Material
       Flux                                 0.0447942 +/- 0.000631347
 Mesh Index (2, 1, 37)
   Incoming Energy [0, 0.625)
     Total Material
       Flux                                 0.0662077 +/- 0.00101594
   Incoming Energy [0.625, 20000000)
     Total Material
       Flux                                 0.135161 +/- 0.00119252
 Mesh Index (3, 1, 37)
   Incoming Energy [0, 0.625)
     Total Material
       Flux                                 0.109832 +/- 0.00128425
   Incoming Energy [0.625, 20000000)
     Total Material
       Flux                                 0.223075 +/- 0.00160102
 Mesh Index (4, 1, 37)
   Incoming Energy [0, 0.625)
     Total Material
       Flux                                 0.149213 +/- 0.00139021
   Incoming Energy [0.625, 20000000)
     Total Material
       Flux                                 0.305872 +/- 0.00206453
 Mesh Index (5, 1, 37)
   Incoming Energy [0, 0.625)
     Total Material
       Flux                                 0.183283 +/- 0.00163076
   Incoming Energy [0.625, 20000000)
     Total Material
       Flux                                 0.381435 +/- 0.00216814
 Mesh Index (6, 1, 37)
   Incoming Energy [0, 0.625)
     Total Material
       Flux                                 0.219434 +/- 0.00173441
   Incoming Energy [0.625, 20000000)
     Total Material
       Flux                                 0.448557 +/- 0.00224453
 Mesh Index (7, 1, 37)
   Incoming Energy [0, 0.625)
     Total Material
       Flux                                 0.251276 +/- 0.00199096
   Incoming Energy [0.625, 20000000)
     Total Material
       Flux                                 0.506983 +/- 0.00266219
 Mesh Index (8, 1, 37)
   Incoming Energy [0, 0.625)
     Total Material
       Flux                                 0.273658 +/- 0.00189833
   Incoming Energy [0.625, 20000000)
     Total Material
       Flux                                 0.547714 +/- 0.00274235
 Mesh Index (9, 1, 37)
   Incoming Energy [0, 0.625)
     Total Material
       Flux                                 0.291517 +/- 0.00210438
   Incoming Energy [0.625, 20000000)
     Total Material
       Flux                                 0.58189 +/- 0.0030199
 Mesh Index (10, 1, 37)
   Incoming Energy [0, 0.625)
     Total Material
       Flux                                 0.308339 +/- 0.00210182
   Incoming Energy [0.625, 20000000)
     Total Material
       Flux                                 0.593741 +/- 0.00311389
 Mesh Index (11, 1, 37)
   Incoming Energy [0, 0.625)
     Total Material
       Flux                                 0.320041 +/- 0.00217016
   Incoming Energy [0.625, 20000000)
     Total Material
       Flux                                 0.584 +/- 0.00278294
 Mesh Index (12, 1, 37)
   Incoming Energy [0, 0.625)
     Total Material
       Flux                                 0.336783 +/- 0.00209568
   Incoming Energy [0.625, 20000000)
     Total Material
       Flux                                 0.559249 +/- 0.00234942
 Mesh Index (13, 1, 37)
   Incoming Energy [0, 0.625)
     Total Material
       Flux                                 0.352921 +/- 0.00226024
   Incoming Energy [0.625, 20000000)
     Total Material
       Flux                                 0.513761 +/- 0.00266556
 Mesh Index (14, 1, 37)
   Incoming Energy [0, 0.625)
     Total Material
       Flux                                 0.371729 +/- 0.0022876
   Incoming Energy [0.625, 20000000)
     Total Material
       Flux                                 0.415118 +/- 0.00234042
 Mesh Index (15, 1, 37)
   Incoming Energy [0, 0.625)
     Total Material
       Flux                                 0.328054 +/- 0.00253159
   Incoming Energy [0.625, 20000000)
     Total Material
       Flux                                 0.249446 +/- 0.00205307
 Mesh Index (16, 1, 37)
   Incoming Energy [0, 0.625)
     Total Material
       Flux                                 0.276371 +/- 0.00211355
   Incoming Energy [0.625, 20000000)
     Total Material
       Flux                                 0.130211 +/- 0.00128234
 Mesh Index (17, 1, 37)
   Incoming Energy [0, 0.625)
     Total Material
       Flux                                 0.281939 +/- 0.00245004
   Incoming Energy [0.625, 20000000)
     Total Material
       Flux                                 0.0775151 +/- 0.00104712
 Mesh Index (18, 1, 37)
   Incoming Energy [0, 0.625)
     Total Material
       Flux                                 0.283055 +/- 0.00262932
   Incoming Energy [0.625, 20000000)
     Total Material
       Flux                                 0.0457798 +/- 0.000742578
 Mesh Index (19, 1, 37)
   Incoming Energy [0, 0.625)
     Total Material
       Flux                                 0.264343 +/- 0.00264129
   Incoming Energy [0.625, 20000000)
     Total Material
       Flux                                 0.0258572 +/- 0.000582771
 Mesh Index (20, 1, 37)
   Incoming Energy [0, 0.625)
     Total Material
       Flux                                 0.231947 +/- 0.00236042
   Incoming Energy [0.625, 20000000)
     Total Material
       Flux                                 0.0145364 +/- 0.000446132
 Mesh Index (21, 1, 37)
   Incoming Energy [0, 0.625)
     Total Material
       Flux                                 0.197017 +/- 0.00221079
   Incoming Energy [0.625, 20000000)
     Total Material
       Flux                                 0.0076798 +/- 0.000313511
 Mesh Index (22, 1, 37)
   Incoming Energy [0, 0.625)
     Total Material
       Flux                                 0.160932 +/- 0.00202091
   Incoming Energy [0.625, 20000000)
     Total Material
       Flux                                 0.00369533 +/- 0.000242348
 Mesh Index (23, 1, 37)
   Incoming Energy [0, 0.625)
     Total Material
       Flux                                 0.121814 +/- 0.00178192
   Incoming Energy [0.625, 20000000)
     Total Material
       Flux                                 0.00182016 +/- 0.000150849
 Mesh Index (24, 1, 37)
   Incoming Energy [0, 0.625)
     Total Material
       Flux                                 0.0783472 +/- 0.00126402
   Incoming Energy [0.625, 20000000)
     Total Material
       Flux                                 0.00104902 +/- 0.000118625
 Mesh Index (25, 1, 37)
   Incoming Energy [0, 0.625)
     Total Material
       Flux                                 0.0332827 +/- 0.000700759
   Incoming Energy [0.625, 20000000)
     Total Material
       Flux                                 0.000339463 +/- 5.22404e-05
 Mesh Index (1, 1, 38)
   Incoming Energy [0, 0.625)
     Total Material
       Flux                                 0.0230432 +/- 0.000480919
   Incoming Energy [0.625, 20000000)
     Total Material
       Flux                                 0.0419804 +/- 0.000630422
 Mesh Index (2, 1, 38)
   Incoming Energy [0, 0.625)
     Total Material
       Flux                                 0.0691813 +/- 0.00100508
   Incoming Energy [0.625, 20000000)
     Total Material
       Flux                                 0.126248 +/- 0.00128943
 Mesh Index (3, 1, 38)
   Incoming Energy [0, 0.625)
     Total Material
       Flux                                 0.115111 +/- 0.00127391
   Incoming Energy [0.625, 20000000)
     Total Material
       Flux                                 0.207812 +/- 0.00147089
 Mesh Index (4, 1, 38)
   Incoming Energy [0, 0.625)
     Total Material
       Flux                                 0.157526 +/- 0.00140959
   Incoming Energy [0.625, 20000000)
     Total Material
       Flux                                 0.286726 +/- 0.00199559
 Mesh Index (5, 1, 38)
   Incoming Energy [0, 0.625)
     Total Material
       Flux                                 0.194552 +/- 0.00163636
   Incoming Energy [0.625, 20000000)
     Total Material
       Flux                                 0.356957 +/- 0.00211165
 Mesh Index (6, 1, 38)
   Incoming Energy [0, 0.625)
     Total Material
       Flux                                 0.230916 +/- 0.00156199
   Incoming Energy [0.625, 20000000)
     Total Material
       Flux                                 0.4236 +/- 0.00230851
 Mesh Index (7, 1, 38)
   Incoming Energy [0, 0.625)
     Total Material
       Flux                                 0.260477 +/- 0.00185896
   Incoming Energy [0.625, 20000000)
     Total Material
       Flux                                 0.475166 +/- 0.00258322
 Mesh Index (8, 1, 38)
   Incoming Energy [0, 0.625)
     Total Material
       Flux                                 0.286809 +/- 0.00195377
   Incoming Energy [0.625, 20000000)
     Total Material
       Flux                                 0.516348 +/- 0.00271667
 Mesh Index (9, 1, 38)
   Incoming Energy [0, 0.625)
     Total Material
       Flux                                 0.305736 +/- 0.00197128
   Incoming Energy [0.625, 20000000)
     Total Material
       Flux                                 0.544782 +/- 0.00287452
 Mesh Index (10, 1, 38)
   Incoming Energy [0, 0.625)
     Total Material
       Flux                                 0.320019 +/- 0.00224708
   Incoming Energy [0.625, 20000000)
     Total Material
       Flux                                 0.556001 +/- 0.00289633
 Mesh Index (11, 1, 38)
   Incoming Energy [0, 0.625)
     Total Material
       Flux                                 0.333977 +/- 0.0021461
   Incoming Energy [0.625, 20000000)
     Total Material
       Flux                                 0.549691 +/- 0.00259956
 Mesh Index (12, 1, 38)
   Incoming Energy [0, 0.625)
     Total Material
       Flux                                 0.34524 +/- 0.00239249
   Incoming Energy [0.625, 20000000)
     Total Material
       Flux                                 0.523207 +/- 0.00255325
 Mesh Index (13, 1, 38)
   Incoming Energy [0, 0.625)
     Total Material
       Flux                                 0.360361 +/- 0.00217172
   Incoming Energy [0.625, 20000000)
     Total Material
       Flux                                 0.475487 +/- 0.00276154
 Mesh Index (14, 1, 38)
   Incoming Energy [0, 0.625)
     Total Material
       Flux                                 0.37556 +/- 0.00246061
   Incoming Energy [0.625, 20000000)
     Total Material
       Flux                                 0.382734 +/- 0.00244916
 Mesh Index (15, 1, 38)
   Incoming Energy [0, 0.625)
     Total Material
       Flux                                 0.326886 +/- 0.00251871
   Incoming Energy [0.625, 20000000)
     Total Material
       Flux                                 0.227857 +/- 0.00185892
 Mesh Index (16, 1, 38)
   Incoming Energy [0, 0.625)
     Total Material
       Flux                                 0.272476 +/- 0.00212222
   Incoming Energy [0.625, 20000000)
     Total Material
       Flux                                 0.118818 +/- 0.00124234
 Mesh Index (17, 1, 38)
   Incoming Energy [0, 0.625)
     Total Material
       Flux                                 0.280862 +/- 0.00226014
   Incoming Energy [0.625, 20000000)
     Total Material
       Flux                                 0.0712235 +/- 0.000963234
 Mesh Index (18, 1, 38)
   Incoming Energy [0, 0.625)
     Total Material
       Flux                                 0.278608 +/- 0.00271193
   Incoming Energy [0.625, 20000000)
     Total Material
       Flux                                 0.042027 +/- 0.000780677
 Mesh Index (19, 1, 38)
   Incoming Energy [0, 0.625)
     Total Material
       Flux                                 0.259559 +/- 0.00238336
   Incoming Energy [0.625, 20000000)
     Total Material
       Flux                                 0.0235673 +/- 0.000511976
 Mesh Index (20, 1, 38)
   Incoming Energy [0, 0.625)
     Total Material
       Flux                                 0.228025 +/- 0.00231837
   Incoming Energy [0.625, 20000000)
     Total Material
       Flux                                 0.0130823 +/- 0.000397809
 Mesh Index (21, 1, 38)
   Incoming Energy [0, 0.625)
     Total Material
       Flux                                 0.193412 +/- 0.00233705
   Incoming Energy [0.625, 20000000)
     Total Material
       Flux                                 0.00672606 +/- 0.000306997
 Mesh Index (22, 1, 38)
   Incoming Energy [0, 0.625)
     Total Material
       Flux                                 0.157171 +/- 0.00193852
   Incoming Energy [0.625, 20000000)
     Total Material
       Flux                                 0.00371651 +/- 0.000232055
 Mesh Index (23, 1, 38)
   Incoming Energy [0, 0.625)
     Total Material
       Flux                                 0.11655 +/- 0.00185571
   Incoming Energy [0.625, 20000000)
     Total Material
       Flux                                 0.00163065 +/- 0.000139056
 Mesh Index (24, 1, 38)
   Incoming Energy [0, 0.625)
     Total Material
       Flux                                 0.0751933 +/- 0.00138527
   Incoming Energy [0.625, 20000000)
     Total Material
       Flux                                 0.000786853 +/- 0.000103017
 Mesh Index (25, 1, 38)
   Incoming Energy [0, 0.625)
     Total Material
       Flux                                 0.0315816 +/- 0.000655266
   Incoming Energy [0.625, 20000000)
     Total Material
       Flux                                 0.00028068 +/- 5.64664e-05
 Mesh Index (1, 1, 39)
   Incoming Energy [0, 0.625)
     Total Material
       Flux                                 0.0253971 +/- 0.000519359
   Incoming Energy [0.625, 20000000)
     Total Material
       Flux                                 0.0382665 +/- 0.000588923
 Mesh Index (2, 1, 39)
   Incoming Energy [0, 0.625)
     Total Material
       Flux                                 0.0743307 +/- 0.00102716
   Incoming Energy [0.625, 20000000)
     Total Material
       Flux                                 0.115571 +/- 0.00128799
 Mesh Index (3, 1, 39)
   Incoming Energy [0, 0.625)
     Total Material
       Flux                                 0.122712 +/- 0.00141541
   Incoming Energy [0.625, 20000000)
     Total Material
       Flux                                 0.192033 +/- 0.00160318
 Mesh Index (4, 1, 39)
   Incoming Energy [0, 0.625)
     Total Material
       Flux                                 0.166668 +/- 0.001681
   Incoming Energy [0.625, 20000000)
     Total Material
       Flux                                 0.265703 +/- 0.00185396
 Mesh Index (5, 1, 39)
   Incoming Energy [0, 0.625)
     Total Material
       Flux                                 0.208505 +/- 0.00171566
   Incoming Energy [0.625, 20000000)
     Total Material
       Flux                                 0.332797 +/- 0.00191698
 Mesh Index (6, 1, 39)
   Incoming Energy [0, 0.625)
     Total Material
       Flux                                 0.246351 +/- 0.0016911
   Incoming Energy [0.625, 20000000)
     Total Material
       Flux                                 0.38769 +/- 0.00248096
 Mesh Index (7, 1, 39)
   Incoming Energy [0, 0.625)
     Total Material
       Flux                                 0.278104 +/- 0.00187231
   Incoming Energy [0.625, 20000000)
     Total Material
       Flux                                 0.437204 +/- 0.00273693
 Mesh Index (8, 1, 39)
   Incoming Energy [0, 0.625)
     Total Material
       Flux                                 0.304162 +/- 0.00216567
   Incoming Energy [0.625, 20000000)
     Total Material
       Flux                                 0.475883 +/- 0.00266355
 Mesh Index (9, 1, 39)
   Incoming Energy [0, 0.625)
     Total Material
       Flux                                 0.322209 +/- 0.00205584
   Incoming Energy [0.625, 20000000)
     Total Material
       Flux                                 0.501494 +/- 0.00254599
 Mesh Index (10, 1, 39)
   Incoming Energy [0, 0.625)
     Total Material
       Flux                                 0.336958 +/- 0.00228531
   Incoming Energy [0.625, 20000000)
     Total Material
       Flux                                 0.512187 +/- 0.00274492
 Mesh Index (11, 1, 39)
   Incoming Energy [0, 0.625)
     Total Material
       Flux                                 0.351771 +/- 0.00228023
   Incoming Energy [0.625, 20000000)
     Total Material
       Flux                                 0.506128 +/- 0.00254979
 Mesh Index (12, 1, 39)
   Incoming Energy [0, 0.625)
     Total Material
       Flux                                 0.361675 +/- 0.00237928
   Incoming Energy [0.625, 20000000)
     Total Material
       Flux                                 0.479779 +/- 0.00264755
 Mesh Index (13, 1, 39)
   Incoming Energy [0, 0.625)
     Total Material
       Flux                                 0.373946 +/- 0.00226247
   Incoming Energy [0.625, 20000000)
     Total Material
       Flux                                 0.436567 +/- 0.00265845
 Mesh Index (14, 1, 39)
   Incoming Energy [0, 0.625)
     Total Material
       Flux                                 0.384048 +/- 0.0025092
   Incoming Energy [0.625, 20000000)
     Total Material
       Flux                                 0.345712 +/- 0.00227152
 Mesh Index (15, 1, 39)
   Incoming Energy [0, 0.625)
     Total Material
       Flux                                 0.330836 +/- 0.0025838
   Incoming Energy [0.625, 20000000)
     Total Material
       Flux                                 0.203746 +/- 0.00171093
 Mesh Index (16, 1, 39)
   Incoming Energy [0, 0.625)
     Total Material
       Flux                                 0.275685 +/- 0.00223714
   Incoming Energy [0.625, 20000000)
     Total Material
       Flux                                 0.106773 +/- 0.00114609
 Mesh Index (17, 1, 39)
   Incoming Energy [0, 0.625)
     Total Material
       Flux                                 0.278643 +/- 0.00238871
   Incoming Energy [0.625, 20000000)
     Total Material
       Flux                                 0.0630703 +/- 0.000853931
 Mesh Index (18, 1, 39)
   Incoming Energy [0, 0.625)
     Total Material
       Flux                                 0.274354 +/- 0.0024887
   Incoming Energy [0.625, 20000000)
     Total Material
       Flux                                 0.037596 +/- 0.000699826
 Mesh Index (19, 1, 39)
   Incoming Energy [0, 0.625)
     Total Material
       Flux                                 0.254528 +/- 0.00257081
   Incoming Energy [0.625, 20000000)
     Total Material
       Flux                                 0.0212532 +/- 0.000555473
 Mesh Index (20, 1, 39)
   Incoming Energy [0, 0.625)
     Total Material
       Flux                                 0.228615 +/- 0.00237714
   Incoming Energy [0.625, 20000000)
     Total Material
       Flux                                 0.011595 +/- 0.000415458
 Mesh Index (21, 1, 39)
   Incoming Energy [0, 0.625)
     Total Material
       Flux                                 0.190631 +/- 0.00232253
   Incoming Energy [0.625, 20000000)
     Total Material
       Flux                                 0.00617477 +/- 0.00030179
 Mesh Index (22, 1, 39)
   Incoming Energy [0, 0.625)
     Total Material
       Flux                                 0.153556 +/- 0.00196312
   Incoming Energy [0.625, 20000000)
     Total Material
       Flux                                 0.00335059 +/- 0.000215557
 Mesh Index (23, 1, 39)
   Incoming Energy [0, 0.625)
     Total Material
       Flux                                 0.113112 +/- 0.00156408
   Incoming Energy [0.625, 20000000)
     Total Material
       Flux                                 0.00164356 +/- 0.000146566
 Mesh Index (24, 1, 39)
   Incoming Energy [0, 0.625)
     Total Material
       Flux                                 0.0740986 +/- 0.00123688
   Incoming Energy [0.625, 20000000)
     Total Material
       Flux                                 0.000811718 +/- 0.000107811
 Mesh Index (25, 1, 39)
   Incoming Energy [0, 0.625)
     Total Material
       Flux                                 0.0317696 +/- 0.000649967
   Incoming Energy [0.625, 20000000)
     Total Material
       Flux                                 0.00027849 +/- 5.19526e-05
 Mesh Index (1, 1, 40)
   Incoming Energy [0, 0.625)
     Total Material
       Flux                                 0.0270365 +/- 0.000588913
   Incoming Energy [0.625, 20000000)
     Total Material
       Flux                                 0.0341411 +/- 0.00060815
 Mesh Index (2, 1, 40)
   Incoming Energy [0, 0.625)
     Total Material
       Flux                                 0.0815178 +/- 0.00112904
   Incoming Energy [0.625, 20000000)
     Total Material
       Flux                                 0.104456 +/- 0.00127171
 Mesh Index (3, 1, 40)
   Incoming Energy [0, 0.625)
     Total Material
       Flux                                 0.133999 +/- 0.00149028
   Incoming Energy [0.625, 20000000)
     Total Material
       Flux                                 0.171554 +/- 0.00150039
 Mesh Index (4, 1, 40)
   Incoming Energy [0, 0.625)
     Total Material
       Flux                                 0.184114 +/- 0.0017878
   Incoming Energy [0.625, 20000000)
     Total Material
       Flux                                 0.237675 +/- 0.00186195
 Mesh Index (5, 1, 40)
   Incoming Energy [0, 0.625)
     Total Material
       Flux                                 0.227577 +/- 0.00197163
   Incoming Energy [0.625, 20000000)
     Total Material
       Flux                                 0.297801 +/- 0.00199509
 Mesh Index (6, 1, 40)
   Incoming Energy [0, 0.625)
     Total Material
       Flux                                 0.268291 +/- 0.00214639
   Incoming Energy [0.625, 20000000)
     Total Material
       Flux                                 0.346159 +/- 0.00233501
 Mesh Index (7, 1, 40)
   Incoming Energy [0, 0.625)
     Total Material
       Flux                                 0.305663 +/- 0.00213105
   Incoming Energy [0.625, 20000000)
     Total Material
       Flux                                 0.391135 +/- 0.00263636
 Mesh Index (8, 1, 40)
   Incoming Energy [0, 0.625)
     Total Material
       Flux                                 0.332489 +/- 0.00234162
   Incoming Energy [0.625, 20000000)
     Total Material
       Flux                                 0.42529 +/- 0.00259398
 Mesh Index (9, 1, 40)
   Incoming Energy [0, 0.625)
     Total Material
       Flux                                 0.351861 +/- 0.00225359
   Incoming Energy [0.625, 20000000)
     Total Material
       Flux                                 0.448018 +/- 0.00259843
 Mesh Index (10, 1, 40)
   Incoming Energy [0, 0.625)
     Total Material
       Flux                                 0.368763 +/- 0.00232259
   Incoming Energy [0.625, 20000000)
     Total Material
       Flux                                 0.457878 +/- 0.00270797
 Mesh Index (11, 1, 40)
   Incoming Energy [0, 0.625)
     Total Material
       Flux                                 0.378272 +/- 0.00231271
   Incoming Energy [0.625, 20000000)
     Total Material
       Flux                                 0.45009 +/- 0.00267816
 Mesh Index (12, 1, 40)
   Incoming Energy [0, 0.625)
     Total Material
       Flux                                 0.38757 +/- 0.00241183
   Incoming Energy [0.625, 20000000)
     Total Material
       Flux                                 0.427702 +/- 0.00267715
 Mesh Index (13, 1, 40)
   Incoming Energy [0, 0.625)
     Total Material
       Flux                                 0.395724 +/- 0.00254978
   Incoming Energy [0.625, 20000000)
     Total Material
       Flux                                 0.383313 +/- 0.00250806
 Mesh Index (14, 1, 40)
   Incoming Energy [0, 0.625)
     Total Material
       Flux                                 0.39818 +/- 0.00268861
   Incoming Energy [0.625, 20000000)
     Total Material
       Flux                                 0.297618 +/- 0.00217769
 Mesh Index (15, 1, 40)
   Incoming Energy [0, 0.625)
     Total Material
       Flux                                 0.339117 +/- 0.00278671
   Incoming Energy [0.625, 20000000)
     Total Material
       Flux                                 0.173976 +/- 0.0016634
 Mesh Index (16, 1, 40)
   Incoming Energy [0, 0.625)
     Total Material
       Flux                                 0.282056 +/- 0.00224331
   Incoming Energy [0.625, 20000000)
     Total Material
       Flux                                 0.0912244 +/- 0.00115672
 Mesh Index (17, 1, 40)
   Incoming Energy [0, 0.625)
     Total Material
       Flux                                 0.285245 +/- 0.00252326
   Incoming Energy [0.625, 20000000)
     Total Material
       Flux                                 0.0550301 +/- 0.000881425
 Mesh Index (18, 1, 40)
   Incoming Energy [0, 0.625)
     Total Material
       Flux                                 0.277453 +/- 0.00250514
   Incoming Energy [0.625, 20000000)
     Total Material
       Flux                                 0.0327338 +/- 0.000702861
 Mesh Index (19, 1, 40)
   Incoming Energy [0, 0.625)
     Total Material
       Flux                                 0.255793 +/- 0.00237954
   Incoming Energy [0.625, 20000000)
     Total Material
       Flux                                 0.0185515 +/- 0.000483478
 Mesh Index (20, 1, 40)
   Incoming Energy [0, 0.625)
     Total Material
       Flux                                 0.226276 +/- 0.00259598
   Incoming Energy [0.625, 20000000)
     Total Material
       Flux                                 0.00972494 +/- 0.000369036
 Mesh Index (21, 1, 40)
   Incoming Energy [0, 0.625)
     Total Material
       Flux                                 0.188112 +/- 0.00209055
   Incoming Energy [0.625, 20000000)
     Total Material
       Flux                                 0.00519327 +/- 0.000259059
 Mesh Index (22, 1, 40)
   Incoming Energy [0, 0.625)
     Total Material
       Flux                                 0.151215 +/- 0.00182427
   Incoming Energy [0.625, 20000000)
     Total Material
       Flux                                 0.00271538 +/- 0.000189996
 Mesh Index (23, 1, 40)
   Incoming Energy [0, 0.625)
     Total Material
       Flux                                 0.114047 +/- 0.00160703
   Incoming Energy [0.625, 20000000)
     Total Material
       Flux                                 0.00153957 +/- 0.000137478
 Mesh Index (24, 1, 40)
   Incoming Energy [0, 0.625)
     Total Material
       Flux                                 0.0727092 +/- 0.00127694
   Incoming Energy [0.625, 20000000)
     Total Material
       Flux                                 0.000800749 +/- 9.64574e-05
 Mesh Index (25, 1, 40)
   Incoming Energy [0, 0.625)
     Total Material
       Flux                                 0.0307692 +/- 0.000610771
   Incoming Energy [0.625, 20000000)
     Total Material
       Flux                                 0.000268407 +/- 4.71163e-05
